address_id,town_id,precision,split,fold_group,fold,role
AD001909,T1,pincode,test,T1-L01,0,official_test_holdout
AD000831,T1,street,test,T1-L05,0,official_test_holdout
AD003113,T1,locality,test,T1-L05,0,official_test_holdout
AD002260,T1,locality,test,T1-L06,0,official_test_holdout
AD002721,T1,locality,test,T1-L10,0,official_test_holdout
AD002920,T1,locality,test,T1-L11,0,official_test_holdout
AD002868,T1,locality,test,T1-L12,0,official_test_holdout
AD001009,T2,pincode,test,T2-L02,0,official_test_holdout
AD002159,T2,locality,test,T2-L03,0,official_test_holdout
AD000527,T2,locality,test,T2-L08,0,official_test_holdout
AD002501,T2,locality,test,T2-L08,0,official_test_holdout
AD002854,T2,locality,test,T2-L11,0,official_test_holdout
AD001512,T3,locality,test,T3-L03,0,official_test_holdout
AD002889,T3,locality,test,T3-L05,0,official_test_holdout
AD001146,T3,pincode,test,T3-L08,0,official_test_holdout
AD000800,T1,locality,train,T1-L03,1,development_cv
AD000561,T1,pincode,validation,T1-L06,1,development_cv
AD002707,T1,pincode,train,T1-L06,1,development_cv
AD002300,T2,locality,train,T2-L06,1,development_cv
AD003078,T2,locality,train,T2-L06,1,development_cv
AD000267,T2,locality,validation,T2-L10,1,development_cv
AD001971,T2,locality,train,T2-L10,1,development_cv
AD002262,T2,locality,validation,T2-L10,1,development_cv
AD002555,T2,locality,train,T2-L10,1,development_cv
AD000525,T3,locality,validation,T3-L03,1,development_cv
AD001164,T3,locality,train,T3-L03,1,development_cv
AD000774,T3,locality,validation,T3-L07,1,development_cv
AD001469,T3,locality,train,T3-L07,1,development_cv
AD001536,T3,locality,train,T3-L07,1,development_cv
AD001734,T3,locality,validation,T3-L07,1,development_cv
AD002068,T3,locality,train,T3-L07,1,development_cv
AD002143,T3,locality,train,T3-L07,1,development_cv
AD001311,T1,locality,train,T1-L01,2,development_cv
AD001315,T1,locality,validation,T1-L01,2,development_cv
AD001791,T1,locality,validation,T1-L01,2,development_cv
AD001999,T1,pincode,train,T1-L01,2,development_cv
AD002740,T1,locality,train,T1-L01,2,development_cv
AD002660,T1,locality,train,T1-L09,2,development_cv
AD002994,T1,locality,train,T1-L09,2,development_cv
AD003096,T1,locality,train,T1-L10,2,development_cv
AD001129,T2,street,train,T2-L03,2,development_cv
AD000141,T2,pincode,train,T2-L11,2,development_cv
AD001586,T2,locality,validation,T2-L11,2,development_cv
AD001987,T2,pincode,train,T2-L11,2,development_cv
AD002440,T2,pincode,train,T2-L11,2,development_cv
AD000170,T3,locality,train,T3-L01,2,development_cv
AD001786,T3,locality,train,T3-L01,2,development_cv
AD000605,T3,locality,train,T3-L06,2,development_cv
AD000804,T3,street,train,T3-L06,2,development_cv
AD000328,T1,locality,validation,T1-L04,3,development_cv
AD001012,T1,street,validation,T1-L04,3,development_cv
AD001533,T1,locality,train,T1-L04,3,development_cv
AD001711,T1,locality,train,T1-L04,3,development_cv
AD000656,T1,locality,train,T1-L08,3,development_cv
AD000830,T1,locality,train,T1-L08,3,development_cv
AD002536,T1,street,validation,T1-L08,3,development_cv
AD000224,T2,street,train,T2-L02,3,development_cv
AD002284,T2,street,validation,T2-L02,3,development_cv
AD000572,T3,locality,train,T3-L04,3,development_cv
AD002295,T3,pincode,train,T3-L04,3,development_cv
AD001128,T3,locality,train,T3-L08,3,development_cv
AD001249,T3,locality,train,T3-L08,3,development_cv
AD002410,T3,locality,train,T3-L08,3,development_cv
AD002739,T3,locality,train,T3-L08,3,development_cv
AD003034,T3,locality,train,T3-L08,3,development_cv
AD000681,T3,rooftop,validation,T3-L09,3,development_cv
AD000683,T1,locality,train,T1-L07,4,development_cv
AD000236,T1,locality,train,T1-L11,4,development_cv
AD000322,T1,street,train,T1-L11,4,development_cv
AD001695,T1,locality,train,T1-L11,4,development_cv
AD001799,T1,locality,train,T1-L11,4,development_cv
AD002279,T1,street,train,T1-L12,4,development_cv
AD001526,T2,locality,train,T2-L01,4,development_cv
AD001963,T2,locality,validation,T2-L09,4,development_cv
AD002693,T2,locality,train,T2-L09,4,development_cv
AD000815,T3,street,train,T3-L10,4,development_cv
AD001078,T3,locality,train,T3-L10,4,development_cv
AD001802,T3,street,validation,T3-L10,4,development_cv
AD002230,T3,locality,train,T3-L10,4,development_cv
AD000574,T3,street,train,T3-L11,4,development_cv
AD000627,T3,locality,train,T3-L11,4,development_cv
AD001382,T3,locality,validation,T3-L11,4,development_cv
AD003071,T3,street,train,T3-L11,4,development_cv
AD001900,T1,locality,train,T1-L02,5,development_cv
AD000251,T1,locality,train,T1-L05,5,development_cv
AD000962,T2,locality,validation,T2-L04,5,development_cv
AD001784,T2,locality,train,T2-L04,5,development_cv
AD000217,T2,locality,train,T2-L08,5,development_cv
AD001340,T2,locality,train,T2-L08,5,development_cv
AD001743,T2,locality,train,T2-L08,5,development_cv
AD001811,T2,locality,train,T2-L08,5,development_cv
AD001478,T2,locality,train,T2-L12,5,development_cv
AD002826,T2,locality,train,T2-L12,5,development_cv
AD000291,T3,locality,validation,T3-L05,5,development_cv
AD000875,T3,locality,train,T3-L05,5,development_cv
AD001574,T3,street,train,T3-L05,5,development_cv
AD001832,T3,street,train,T3-L05,5,development_cv
AD000071,T3,street,train,T3-L12,5,development_cv
AD001519,T3,locality,train,T3-L12,5,development_cv
AD002422,T3,locality,train,T3-L12,5,development_cv
