address_id,pred_x,pred_y,surveyed_x,surveyed_y,town_id,precision,split,visit_status,contact_status,error_m
AD000071,858.3,-3936.9,718.3,-3855.2,T3,street,train,unvisited,no_contact,162.09531146828414
AD000141,1537.3,-1398.4,401.6,-3284.6,T2,pincode,train,visited,no_contact,2201.7186309789904
AD000170,-3874.2,-790.5,-2223.9,2.4,T3,locality,train,visited,contact,1830.8960920816885
AD000217,1001.0,2555.0,1234.1,2804.7,T2,locality,train,unvisited,no_contact,341.5928863427924
AD000224,1482.8,285.8,1458.4,288.8,T2,street,train,unvisited,no_contact,24.583734460004106
AD000236,2684.8,-2166.7,2609.7,-1997.1,T1,locality,train,visited,contact,185.48361113586296
AD000251,-1288.4,279.3,-1229.0,597.8,T1,locality,train,visited,contact,323.99168199199187
AD000267,2756.7,-991.5,2462.2,-1140.1,T2,locality,validation,visited,contact,329.8669580300518
AD000291,3595.8,659.5,3354.6,445.8,T3,locality,validation,visited,contact,322.25010473233385
AD000322,3373.5,-2207.2,3226.0,-2120.9,T1,street,train,visited,contact,170.89160307048428
AD000328,513.7,-2921.5,312.3,-2885.5,T1,locality,validation,visited,no_contact,204.5921797136929
AD000525,-806.6,-560.4,-890.3,-385.8,T3,locality,validation,unvisited,no_contact,193.62554067064596
AD000527,1013.7,2433.6,940.8,2638.2,T2,locality,test,unvisited,no_contact,217.1993784521493
AD000561,1578.9,-1378.1,-632.6,-3113.0,T1,pincode,validation,visited,no_contact,2810.8024227967358
AD000572,-1133.0,-2027.4,-942.4,-1643.5,T3,locality,train,unvisited,no_contact,428.6112107726536
AD000574,-26.0,-3729.7,-67.5,-3838.1,T3,street,train,visited,no_contact,116.07243428135735
AD000605,-2699.8,-194.7,-2634.2,-488.4,T3,locality,train,visited,contact,300.9369535301373
AD000627,-308.6,-3459.3,-709.4,-3776.2,T3,locality,train,visited,no_contact,510.94642576301453
AD000656,2432.9,944.5,2420.1,1146.3,T1,locality,train,visited,no_contact,202.20553899436086
AD000681,185.2,1825.7,198.2,1803.6,T3,rooftop,validation,unvisited,no_contact,25.640007800310944
AD000683,400.1,2181.6,273.6,2603.1,T1,locality,train,unvisited,no_contact,440.0732893507626
AD000774,-2538.8,1618.4,-2675.0,1718.7,T3,locality,validation,visited,contact,169.1464749854396
AD000800,641.1,-178.9,1055.1,-441.8,T1,locality,train,unvisited,no_contact,490.4206459764922
AD000804,-2333.0,-3.2,-2363.9,-49.2,T3,street,train,unvisited,no_contact,55.414889695820975
AD000815,2791.7,-2240.6,2947.6,-2309.6,T3,street,train,visited,contact,170.48697897493528
AD000830,2295.9,1072.0,2500.0,624.1,T1,locality,train,visited,contact,492.2105443811621
AD000831,-1522.9,552.2,-1552.5,525.3,T1,street,test,unvisited,no_contact,39.997124896672254
AD000875,3866.0,551.9,4177.6,284.6,T3,locality,train,unvisited,no_contact,410.5409236604802
AD000962,2381.5,1978.7,2685.7,251.0,T2,locality,validation,visited,contact,1754.2761840713679
AD001009,615.4,-1134.8,1622.7,-2309.5,T2,pincode,test,visited,contact,1547.440913250002
AD001012,904.9,-3232.2,809.0,-3283.5,T1,street,validation,visited,no_contact,108.75890768116427
AD001078,3378.9,-1984.4,2949.0,-2033.8,T3,locality,train,visited,contact,432.72897984766405
AD001128,902.4,-829.5,856.0,-1369.2,T3,locality,train,visited,contact,541.6909174058579
AD001129,-707.4,3230.6,-664.9,3273.5,T2,street,train,unvisited,no_contact,60.38758150480948
AD001146,260.2,-163.8,3555.7,-1868.6,T3,pincode,test,visited,no_contact,3710.345440791194
AD001164,-658.8,-507.6,-878.2,-334.1,T3,locality,train,unvisited,no_contact,279.7116551021785
AD001249,788.0,-1015.8,873.3,-1368.5,T3,locality,train,unvisited,no_contact,362.86826810841427
AD001311,-3071.0,1210.1,-3187.6,827.2,T1,locality,train,unvisited,no_contact,400.25987807922974
AD001315,-2961.9,1328.4,-3190.2,809.4,T1,locality,validation,unvisited,no_contact,566.9937301240641
AD001340,825.1,2812.8,1260.7,2467.7,T2,locality,train,unvisited,no_contact,555.7349818033774
AD001382,-404.6,-3295.6,-403.6,-3399.9,T3,locality,validation,visited,contact,104.3047937536911
AD001469,-2423.6,1533.0,-2627.0,1440.7,T3,locality,train,visited,contact,223.36259758518216
AD001478,-116.6,1410.3,-270.7,945.2,T2,locality,train,unvisited,no_contact,489.9641007257572
AD001512,-889.3,-472.8,-780.5,-363.4,T3,locality,test,unvisited,no_contact,154.29128296828696
AD001519,1081.1,-3832.5,1258.3,-4013.1,T3,locality,train,unvisited,no_contact,253.01422884889297
AD001526,782.7,-3098.9,979.6,-2827.3,T2,locality,train,visited,contact,335.46411134426876
AD001533,741.5,-2979.3,735.7,-3000.4,T1,locality,train,unvisited,no_contact,21.882641522448694
AD001536,-2447.8,1734.6,-2291.2,1148.0,T3,locality,train,unvisited,no_contact,607.1434097476476
AD001574,3829.4,35.3,3970.6,50.0,T3,street,train,visited,no_contact,141.9631290159524
AD001586,1501.7,-2001.5,1572.2,-1864.5,T2,locality,validation,visited,contact,154.07546852111145
AD001695,3037.0,-2259.4,2392.4,-2066.6,T1,locality,train,visited,contact,672.8157251432223
AD001711,788.6,-3052.7,348.5,-3265.6,T1,locality,train,unvisited,no_contact,488.8910103489325
AD001734,-2515.6,1500.5,-2897.8,1422.1,T3,locality,validation,visited,contact,390.1581730529302
AD001743,877.3,2779.7,1262.4,2804.5,T2,locality,train,visited,contact,385.8977196097434
AD001784,2341.2,1732.6,2292.5,2015.1,T2,locality,train,unvisited,no_contact,286.66694961226347
AD001786,-3711.8,-1040.6,-4039.0,-1078.3,T3,locality,train,unvisited,no_contact,329.3647370317592
AD001791,-2792.4,1243.7,-2792.2,1088.6,T1,locality,validation,unvisited,no_contact,155.10012894901166
AD001799,2817.6,-2263.5,3194.3,-2186.3,T1,locality,train,visited,contact,384.529231658661
AD001802,3155.8,-1716.5,3264.2,-1718.8,T3,street,validation,visited,contact,108.42439762341279
AD001811,1085.3,2667.7,883.1,3103.7,T2,locality,train,visited,contact,480.60466081801576
AD001832,3977.2,139.6,4017.4,132.0,T3,street,train,visited,contact,40.91210089936744
AD001900,-1093.3,-3053.8,710.8,-2701.6,T1,locality,train,visited,no_contact,1838.1571341971828
AD001909,-2068.5,1404.2,-648.2,-3188.9,T1,pincode,test,unvisited,no_contact,4807.6834026379065
AD001963,-481.9,-311.2,-314.4,-735.7,T2,locality,validation,visited,contact,456.35129012636753
AD001971,2560.3,-1548.2,2815.9,-1271.1,T2,locality,train,visited,contact,376.98245317255817
AD001987,1517.4,-1353.2,1286.7,-2535.1,T2,pincode,train,unvisited,no_contact,1204.205173548096
AD001999,-2221.9,1115.3,-2946.0,897.7,T1,pincode,train,unvisited,no_contact,756.0889960844555
AD002068,-2408.7,1503.1,-2060.0,1520.6,T3,locality,train,visited,contact,349.1388548987349
AD002143,-2453.6,1698.4,-2602.4,1353.3,T3,locality,train,visited,contact,375.8130519287484
AD002159,-688.6,3019.2,-651.1,3429.9,T2,locality,test,unvisited,no_contact,412.408462570787
AD002230,3164.1,-2209.9,3401.3,-1815.1,T3,locality,train,visited,contact,460.576681997689
AD002260,2146.7,-918.2,1606.6,-1238.6,T1,locality,test,visited,no_contact,627.9842115849727
AD002262,2553.3,-1239.4,2619.3,-1662.6,T2,locality,validation,visited,contact,428.3155845868789
AD002279,-649.6,-1534.5,-699.5,-1601.7,T1,street,train,unvisited,no_contact,83.70095578904701
AD002284,604.3,-13.4,674.4,-22.1,T2,street,validation,visited,contact,70.6378085730298
AD002295,-1260.2,-1505.9,-1307.5,-2201.6,T3,pincode,train,unvisited,no_contact,697.3060877405271
AD002300,2997.2,497.5,3197.0,569.2,T2,locality,train,unvisited,no_contact,212.2755991629751
AD002410,805.6,-676.1,1178.8,-1172.7,T3,locality,train,unvisited,no_contact,621.2002897616838
AD002422,1365.9,-3537.5,630.6,-3879.1,T3,locality,train,unvisited,no_contact,810.7753387961427
AD002440,1798.9,-1510.7,1127.1,-1809.1,T2,pincode,train,visited,contact,735.0903345848047
AD002501,761.5,2657.9,703.1,3037.1,T2,locality,test,visited,contact,383.67069213063417
AD002536,2843.3,705.2,2929.2,795.7,T1,street,validation,unvisited,no_contact,124.77603936653838
AD002555,2516.2,-1226.7,2275.0,-1196.4,T2,locality,train,visited,contact,243.09572188749004
AD002660,-2227.1,-2292.9,-2536.2,-2094.5,T1,locality,train,unvisited,no_contact,367.2946637238281
AD002693,-709.9,-605.1,-333.3,-106.5,T2,locality,train,unvisited,no_contact,624.8435964303387
AD002707,1828.4,-1468.4,2471.7,-2354.3,T1,pincode,train,visited,contact,1094.8304434934205
AD002721,-1990.6,2387.0,-1569.9,1922.2,T1,locality,test,unvisited,no_contact,626.9190777125863
AD002739,1011.9,-773.8,573.3,-881.0,T3,locality,train,unvisited,no_contact,451.51057573438965
AD002740,-3082.3,1063.6,-2625.4,1530.8,T1,locality,train,unvisited,no_contact,653.4779644333848
AD002826,33.6,1599.8,155.5,1497.3,T2,locality,train,unvisited,no_contact,159.26663178456434
AD002854,1466.7,-2055.2,1477.0,-2181.2,T2,locality,test,unvisited,no_contact,126.42029109284631
AD002868,-640.3,-1408.3,-283.3,-985.9,T1,locality,test,unvisited,no_contact,553.055838048926
AD002889,3679.3,284.6,4095.3,99.1,T3,locality,test,visited,contact,455.4846320129802
AD002920,2742.9,-2030.6,2743.8,-2547.6,T1,locality,test,visited,contact,517.0007833649771
AD002994,-2085.5,-2388.9,-1920.6,-1876.1,T1,locality,train,unvisited,no_contact,538.6611643695879
AD003034,919.4,-866.2,1253.5,-488.2,T3,locality,train,unvisited,no_contact,504.4866797052228
AD003071,-668.5,-3901.1,-591.3,-3802.2,T3,street,train,unvisited,no_contact,125.46334125950905
AD003078,3029.8,683.6,2823.2,688.9,T2,locality,train,unvisited,no_contact,206.6679704259955
AD003096,-1724.4,2563.0,-2036.7,2692.7,T1,locality,train,unvisited,no_contact,338.16176602330415
AD003113,-1092.0,280.9,-958.2,224.0,T1,locality,test,unvisited,no_contact,145.3961828934996
