curve,nominal,observed,n
"unvisited (calibrated on hide-and-predict, scored on surveyed)",0.1,0.05263157894736842,57
visited (leave-one-out),0.1,0.11627906976744186,43
"unvisited (calibrated on hide-and-predict, scored on surveyed)",0.15,0.10526315789473684,57
visited (leave-one-out),0.15,0.16279069767441862,43
"unvisited (calibrated on hide-and-predict, scored on surveyed)",0.2,0.14035087719298245,57
visited (leave-one-out),0.2,0.20930232558139536,43
"unvisited (calibrated on hide-and-predict, scored on surveyed)",0.25,0.19298245614035087,57
visited (leave-one-out),0.25,0.2558139534883721,43
"unvisited (calibrated on hide-and-predict, scored on surveyed)",0.3,0.2631578947368421,57
visited (leave-one-out),0.3,0.3023255813953488,43
"unvisited (calibrated on hide-and-predict, scored on surveyed)",0.35,0.3333333333333333,57
visited (leave-one-out),0.35,0.37209302325581395,43
"unvisited (calibrated on hide-and-predict, scored on surveyed)",0.4,0.47368421052631576,57
visited (leave-one-out),0.4,0.4186046511627907,43
"unvisited (calibrated on hide-and-predict, scored on surveyed)",0.44999999999999996,0.5263157894736842,57
visited (leave-one-out),0.44999999999999996,0.46511627906976744,43
"unvisited (calibrated on hide-and-predict, scored on surveyed)",0.5,0.6491228070175439,57
visited (leave-one-out),0.5,0.5116279069767442,43
"unvisited (calibrated on hide-and-predict, scored on surveyed)",0.5499999999999999,0.7017543859649122,57
visited (leave-one-out),0.5499999999999999,0.5581395348837209,43
"unvisited (calibrated on hide-and-predict, scored on surveyed)",0.6,0.7017543859649122,57
visited (leave-one-out),0.6,0.6046511627906976,43
"unvisited (calibrated on hide-and-predict, scored on surveyed)",0.6499999999999999,0.7192982456140351,57
visited (leave-one-out),0.6499999999999999,0.6511627906976745,43
"unvisited (calibrated on hide-and-predict, scored on surveyed)",0.7,0.7368421052631579,57
visited (leave-one-out),0.7,0.7209302325581395,43
"unvisited (calibrated on hide-and-predict, scored on surveyed)",0.7499999999999999,0.7894736842105263,57
visited (leave-one-out),0.7499999999999999,0.7674418604651163,43
"unvisited (calibrated on hide-and-predict, scored on surveyed)",0.7999999999999999,0.8421052631578947,57
visited (leave-one-out),0.7999999999999999,0.813953488372093,43
"unvisited (calibrated on hide-and-predict, scored on surveyed)",0.8499999999999999,0.8771929824561403,57
visited (leave-one-out),0.8499999999999999,0.8604651162790697,43
"unvisited (calibrated on hide-and-predict, scored on surveyed)",0.8999999999999999,0.9122807017543859,57
visited (leave-one-out),0.8999999999999999,0.9069767441860465,43
"unvisited (calibrated on hide-and-predict, scored on surveyed)",0.95,0.9824561403508771,57
visited (leave-one-out),0.95,0.9534883720930233,43
