address_id,error_m,raw_spread,group,precision,has_own_visit,score,r50,r80,r90,group_p,precision_p,town_id,tier,in50,in80,in90
AD001909,4739.585413035108,1310.34567038651,noloc,pincode,False,3.6170496992881906,1173.2537944626922,1449.8503923419937,1714.2443194055243,noloc,pincode,T1,low,False,False,False
AD000831,44.024766936826346,118.42753157921308,novisit,street,False,0.3717443600298241,84.09424233065488,141.7115336010435,209.82766258318946,novisit,street,T1,medium,True,True,True
AD003113,97.6209622059246,185.67118559897173,novisit,locality,False,0.5257733551439402,138.153344997902,269.6062996514933,401.07162147619846,novisit,locality,T1,low,True,True,True
AD002260,7.497719359082254,33.10563906187465,visit,locality,True,0.22647861728538057,10.23220219804582,19.137020430732104,24.580221105362163,visit,locality,T1,high,True,True,True
AD002721,366.39483137724017,277.773580166058,novisit,locality,False,1.3190413255220412,206.68446279472852,403.3447992908873,600.0236377069091,novisit,locality,T1,low,False,True,True
AD002920,20.151822767532305,26.99739211577992,visit,locality,True,0.7464359031831673,8.08051091700075,15.23319085484817,18.89442301402365,visit,locality,T1,high,False,False,False
AD002868,47.32687378230935,68.72020979100934,novisit,locality,False,0.6886893088108866,51.133011409165555,99.78608911910214,148.4437441391406,novisit,locality,T1,medium,True,True,True
AD001009,9.169258185464232,30.634951327518834,visit,pincode,True,0.2993070916756329,9.46856865456065,17.70881656606854,22.745788890377057,visit,pincode,T2,high,True,True,True
AD002159,161.10497736409914,147.84026676334202,novisit,locality,False,1.0897232593741923,110.00429233458274,214.67341382547318,319.35238264873607,novisit,locality,T2,low,False,True,True
AD000527,69.36679212285078,829.7095955571398,novisit,locality,False,0.08360370001057037,617.3664245924333,1204.7907871211246,1792.2704148785583,novisit,locality,T2,low,True,True,True
AD002501,17.080777373486832,25.41826910873102,visit,locality,True,0.6719882184117599,7.607868202362864,14.342175824711333,18.872515151889235,visit,locality,T2,high,False,False,True
AD002854,96.95646001662642,141.9898928764256,novisit,locality,False,0.6828405744415064,105.65117357057807,206.17830108010602,306.71488624078205,novisit,locality,T2,low,True,True,True
AD001512,68.27065190841392,104.30365062262,novisit,locality,False,0.6545375113995127,77.6097711797412,151.45549479737093,225.30816586401318,novisit,locality,T3,medium,True,True,True
AD002889,28.23608828563817,109.4259725667425,visit,locality,True,0.2580382666319557,33.82108633903899,63.254694124726605,81.24641833171478,visit,locality,T3,medium,True,True,True
AD001146,3876.752017143801,2588.628783454622,noloc,pincode,False,1.497608325273325,2317.7995022852447,2864.2247172934226,3386.5431751133165,noloc,pincode,T3,low,False,False,False
AD000800,4.238387650575095,66.30661054435062,novisit,locality,False,0.06392104219744661,49.337111801293574,96.28139042482671,143.23008559364087,novisit,locality,T1,medium,True,True,True
AD000561,1.046256557710435,43.17059459494568,visit,pincode,True,0.02423539836611211,13.34305168010053,24.955160938782562,32.05323293745924,visit,pincode,T1,high,True,True,True
AD002707,16.91684220837746,97.63911575253348,visit,pincode,True,0.17325886329463724,30.178036223710045,56.44119267725269,72.49493203389684,visit,pincode,T1,medium,True,True,True
AD002300,177.3859421950376,180.9208884084973,novisit,locality,False,0.9804613704666416,134.61876614291668,262.70856781638304,390.81042025355725,novisit,locality,T2,low,False,True,True
AD003078,35.40649729796577,202.4069431060701,novisit,locality,False,0.17492728635999022,150.6060089544583,293.9076775890427,437.2228281287054,novisit,locality,T2,low,True,True,True
AD000267,8.498959836251807,21.18577561969433,visit,locality,True,0.40116349709430327,6.341052885623239,12.2466332734807,15.729980262498204,visit,locality,T2,high,False,True,True
AD001971,5.673750176008184,36.144170099356856,visit,locality,True,0.15697552773826565,11.171343227839774,20.893471361494406,26.836264693502127,visit,locality,T2,high,True,True,True
AD002262,19.20745514161745,89.02018055987087,visit,locality,True,0.2157651784215311,27.514118833130514,51.45893758273948,66.09555903485956,visit,locality,T2,medium,True,True,True
AD002555,6.991205406779509,34.37190471155903,visit,locality,True,0.2033988359227708,10.62357619145505,19.868996985042187,25.520395967692846,visit,locality,T2,high,True,True,True
AD000525,123.35222973383546,233.3236314765992,novisit,locality,False,0.5286743951017532,173.61035344047738,338.80066366099066,504.0065150828275,novisit,locality,T3,low,True,True,True
AD001164,153.83123568970322,232.53676048600144,novisit,locality,False,0.6615351283306613,173.0248621641536,337.658077236534,502.3067810983994,novisit,locality,T3,low,True,True,True
AD000774,7.802280437368668,30.235937040749803,visit,locality,True,0.25804658962126165,9.3452423881654,17.478162672217366,22.449529410998025,visit,locality,T3,high,True,True,True
AD001469,9.493180402306669,23.048748422025856,visit,locality,True,0.4118740084487534,6.898653856959892,13.3235419086979,17.11319728208206,visit,locality,T3,high,False,True,True
AD001536,535.3127209275972,816.5571712548943,novisit,locality,False,0.6555728609975007,607.5800304014061,1185.6926355359149,1763.8596298435662,novisit,locality,T3,low,True,True,True
AD001734,1.3987245538566415,29.29274240283047,visit,locality,True,0.04774986700191946,9.053722317241363,16.932940300213495,21.74922778860317,visit,locality,T3,high,True,True,True
AD002068,9.596183296270318,42.442493754528016,visit,locality,True,0.22609847931582816,13.118012223656374,24.534275523078488,31.512633808379842,visit,locality,T3,high,True,True,True
AD002143,8.500995321916227,31.637002225607382,visit,locality,True,0.2687041983717223,9.778279860642858,18.28806134287268,23.48979001320113,visit,locality,T3,high,True,True,True
AD001311,57.29843635498575,79.41704260096517,novisit,locality,False,0.7214879134052442,59.0922605991319,115.31856661462395,171.55016243398097,novisit,locality,T1,medium,True,True,True
AD001315,131.6315604999328,238.20664732798485,novisit,locality,False,0.5525939849977836,177.24368497423393,345.8911113822389,514.5544042390869,novisit,locality,T1,low,True,True,True
AD001791,27.97697731487721,76.71788330727247,novisit,locality,False,0.3646734777968663,57.08388281071599,111.39921667890371,165.71966056557542,novisit,locality,T1,medium,True,True,True
AD001999,956.0998957761536,1300.832483388552,noloc,pincode,False,0.7349907908861556,1164.7359025849748,1439.3243928190254,1701.7988043485075,noloc,pincode,T1,low,True,True,True
AD002740,25.13028578394044,79.96410267774986,novisit,locality,False,0.31426959025869217,59.499314495399105,116.11293243134008,172.7318766096788,novisit,locality,T1,medium,True,True,True
AD002660,201.25445974597665,260.18658409848933,novisit,locality,False,0.7735005263368809,193.59841324233625,377.8073691480983,562.0336555405305,novisit,locality,T1,low,False,True,True
AD002994,307.56494275932573,242.9613681246598,novisit,locality,False,1.2659006044183898,180.78155532537457,352.7952665732134,524.8251609719484,novisit,locality,T1,low,False,True,True
AD003096,341.1105176416122,871.6389746909192,novisit,locality,False,0.3913438103918759,648.5650403729584,1265.6748964053677,1882.842810495169,novisit,locality,T1,low,True,True,True
AD001129,72.07703690453876,117.0157423879762,novisit,street,False,0.6159601728249595,83.09174450954423,140.02217295370335,207.3262811720663,novisit,street,T2,medium,True,True,True
AD000141,1112.5581541214249,1321.2746210663047,noloc,pincode,False,0.8420339998838092,1183.0393290314314,1461.9428834984021,1728.541990656176,noloc,pincode,T2,low,True,True,True
AD001586,58.84188974151643,101.79214525856808,visit,locality,True,0.5780592362215057,30.46711095276558,57.43588749603196,75.57846663429017,visit,locality,T2,medium,False,False,True
AD001987,1051.6885905799152,1441.0817393305188,noloc,pincode,False,0.7297910742165789,1290.3119054849924,1594.5051541620642,1885.2782447227803,noloc,pincode,T2,low,True,True,True
AD002440,3.7940626304013274,28.29615109873793,visit,pincode,True,0.13408405323968428,8.745698547839716,16.356851492144767,21.009280296259288,visit,pincode,T2,high,True,True,True
AD000170,1791.4706327031486,820.060702584837,novisit,locality,False,2.184558566282253,610.1869215621163,1190.7799845207976,1771.4276700155494,novisit,locality,T3,low,False,False,False
AD001786,1086.6000499928923,768.3235096990309,novisit,locality,False,1.4142480820592582,571.6905537228226,1115.6543096170715,1659.6692419406868,novisit,locality,T3,low,False,True,True
AD000605,11.297657808270763,20.022548180883312,visit,locality,True,0.564246753520478,5.992890663955419,11.574218908649705,14.86630904357506,visit,locality,T3,high,False,True,True
AD000804,29.946460647236535,53.07867879852063,novisit,street,False,0.5641900161251033,37.69065535650546,63.51446216730756,94.04380009261595,novisit,street,T3,medium,True,True,True
AD000328,6.804025073585532,21.15109972007048,visit,locality,True,0.32168658668509453,6.330674142955589,12.226588549428845,15.70423415688192,visit,locality,T1,high,False,True,True
AD001012,33.287455923854694,48.23841859493416,visit,street,True,0.6900610943193406,14.438100776681514,27.21837108715346,35.815982667496435,visit,street,T1,high,False,False,True
AD001533,158.88439037476482,288.3504232527732,novisit,locality,False,0.5510114692479015,214.55443059416788,418.70304412249436,622.8708640721813,novisit,locality,T1,low,True,True,True
AD001711,148.73149794325852,62.90455113880866,novisit,locality,False,2.364399638033493,46.805723394196555,91.34138508924487,135.8812367254801,novisit,locality,T1,medium,False,False,False
AD000656,31.96788735887413,58.29595552243229,novisit,locality,False,0.5483723025446059,43.37658118189741,84.64941289812094,125.92612758657232,novisit,locality,T1,medium,True,True,True
AD000830,14.758406304351205,34.3265826916168,visit,locality,True,0.42994102957867364,10.274189632590943,19.842798172810365,25.486745347958863,visit,locality,T1,high,False,True,True
AD002536,70.90331461443058,74.50227770659978,novisit,street,False,0.9516932474689913,52.90334529563264,89.15014853206858,132.00172780636936,novisit,street,T1,medium,False,True,True
AD000224,74.33247230168108,139.96884027289894,novisit,street,False,0.5310644294598295,99.3905168476543,167.4880726376093,247.99414627077488,novisit,street,T2,medium,True,True,True
AD002284,7.602750427570314,32.61124688249443,visit,street,True,0.23313277333322194,10.079396788215302,18.851232465125687,24.213145603233507,visit,street,T2,high,True,True,True
AD000572,388.10774316969,840.5845907783415,novisit,locality,False,0.4617117032924915,625.4582400337924,1220.5819677012312,1815.761684958203,novisit,locality,T3,low,True,True,True
AD002295,813.5327586173361,1736.9409354175252,noloc,pincode,False,0.4683709975559873,1555.2175195382472,1921.8627218779222,2272.3325600061935,noloc,pincode,T3,low,True,True,True
AD001128,1.5912913521071652,34.637733485841125,visit,locality,True,0.04594097800185563,10.705737836588355,20.02266176326939,25.717768084141312,visit,locality,T3,high,True,True,True
AD001249,106.66389630816512,137.68689718331552,novisit,locality,False,0.7746844361388537,102.4494207159444,199.93007929764033,297.41990891689983,novisit,locality,T3,medium,False,True,True
AD002410,38.51074489918575,85.75967788464871,novisit,locality,False,0.44905421579340277,63.81165891457762,124.52847402894051,185.25100141689956,novisit,locality,T3,medium,True,True,True
AD002739,146.22176480315113,201.2077202252343,novisit,locality,False,0.726720449093448,149.71369681754263,292.16633015100854,434.63236551181336,novisit,locality,T3,low,True,True,True
AD003034,243.06595653900357,133.3318146927694,novisit,locality,False,1.823015437831471,99.20891136135732,193.60622419236194,288.0124179779525,novisit,locality,T3,medium,False,False,True
AD000681,25.586982296156467,14.605173864684048,novisit,rooftop,False,1.7519122013348238,10.79828001454171,20.700847225979956,31.48528494679298,novisit,rooftop,T3,high,False,False,True
AD000683,22.792916228298367,49.99326103704104,novisit,locality,False,0.4559197730952303,37.19875120816137,72.59337560767133,107.99132995421529,novisit,locality,T1,medium,True,True,True
AD000236,13.886456734650118,19.84173410777924,visit,locality,True,0.6998610433553654,5.938771729600613,11.195634054530974,14.732058504337543,visit,locality,T1,high,False,False,True
AD000322,62.19090133274233,83.76122914554601,visit,street,True,0.7424783753432935,25.070329890729635,47.262001616259184,58.62122122252967,visit,street,T1,high,False,False,False
AD001695,12.223761879452647,23.446534342444043,visit,locality,True,0.5213462126607175,7.0177140039097745,13.553485734034506,17.40854472600859,visit,locality,T1,high,False,True,True
AD001799,4.299159680803678,24.227183333821944,visit,locality,True,0.17745189862008884,7.488072895903628,14.004747093747504,17.988159720840237,visit,locality,T1,high,True,True,True
AD002279,34.1375881529877,83.49050476916118,novisit,street,False,0.4088798869688602,59.28579821551313,99.90554826391227,147.92689866955453,novisit,street,T1,medium,True,True,True
AD001526,211.27128183102357,174.71157473461508,novisit,locality,False,1.209257498548349,129.99856914562457,253.69225180811128,377.39757164484956,novisit,locality,T2,low,False,True,True
AD001963,11.23933283120358,49.230684765406345,visit,locality,True,0.22829933982761272,15.216088108929164,28.45825203415251,36.552718841656734,visit,locality,T2,high,True,True,True
AD002693,96.4524720576233,163.85165108129664,novisit,locality,False,0.588657309347267,121.9179680858116,237.922956097398,353.9388579263313,novisit,locality,T2,low,True,True,True
AD000815,39.03017482831283,100.86755186672504,visit,street,True,0.38694480143508275,30.19037359367053,58.307419991612186,74.8919760348614,visit,street,T3,medium,False,True,True
AD001078,21.279978638563424,79.31021138750005,visit,locality,True,0.2683132255768685,24.51298758407666,45.846000219224436,58.88611689912421,visit,locality,T3,high,True,True,True
AD001802,7.825681785505115,24.0530927911185,visit,street,True,0.32535033450645123,7.19926124911381,13.904112447598965,17.85890125753115,visit,street,T3,high,False,True,True
AD002230,6.429710123993815,22.221356993541004,visit,locality,True,0.28934822143682376,6.86811746626938,12.845260651491726,16.49887703848766,visit,locality,T3,high,True,True,True
AD000574,6.932632236529196,29.6971564150895,visit,street,True,0.23344431162461868,9.178717516319784,17.166715555257223,22.049496447391316,visit,street,T3,high,True,True,True
AD000627,10.921047641815615,22.04804339442069,visit,locality,True,0.4953295603808187,6.599135745522206,12.745075124757438,16.37019543898791,visit,locality,T3,high,False,True,True
AD001382,10.507973876106576,22.63410151029932,visit,locality,True,0.4642540757062998,6.77454709573874,13.083851431603653,16.805330916722227,visit,locality,T3,high,False,True,True
AD003071,101.26755258210954,140.3419384800896,novisit,street,False,0.7215772681982474,99.6554502683736,167.93452557317033,248.6551946240155,novisit,street,T3,medium,False,True,True
AD001900,8.849685571177034,41.84618329396066,visit,locality,True,0.21148130784138303,12.933706184617792,24.189572753692026,31.06988618641758,visit,locality,T1,high,True,True,True
AD000251,114.82688186073312,63.65356652559094,visit,locality,True,1.803934769539877,19.051963871556044,35.916318262064465,44.54865148189023,visit,locality,T1,high,False,False,False
AD000962,20.92632121809083,40.42222419495025,visit,locality,True,0.5176934628130891,12.098658362850962,23.36644004450741,30.012627348029035,visit,locality,T2,high,False,True,True
AD001784,141.98493243268334,295.4340623713716,novisit,locality,False,0.4805977052646116,219.82519156785006,428.98893595148724,638.1723585829387,novisit,locality,T2,low,True,True,True
AD000217,223.7673126245736,160.85198448697795,novisit,locality,False,1.3911380287800494,119.68599023450042,233.5672505630497,347.4592249073991,novisit,locality,T2,low,False,True,True
AD001340,358.33018071861727,150.94856835973857,novisit,locality,False,2.373856106171538,112.3171028087508,219.18686425076064,326.0666800626409,novisit,locality,T2,low,False,False,False
AD001743,9.567895797133614,30.95631797640073,visit,locality,True,0.309077319997411,9.265445502502617,17.894585525668273,22.984396677728405,visit,locality,T2,high,False,True,True
AD001811,22.842439241299783,53.24866770875594,visit,locality,True,0.42897672794813774,15.937703867509928,30.78088418553621,39.53598428959201,visit,locality,T2,high,False,True,True
AD001478,110.99857344729644,255.881185770768,novisit,locality,False,0.4337895070829274,190.39487264660923,371.55565858828214,552.7334882430063,novisit,locality,T2,low,True,True,True
AD002826,186.55856248065095,279.17692088614655,novisit,locality,False,0.6682449318822201,207.7286539761795,405.38253873587865,603.0550188890444,novisit,locality,T2,low,True,True,True
AD000291,64.46092543761759,235.16129046621185,novisit,locality,False,0.274113674533009,174.97771012299893,341.4690606910009,507.9760748629658,novisit,locality,T3,low,True,True,True
AD000875,162.76503696259743,110.97994587825168,novisit,locality,False,1.4666166546986386,82.57743764227631,161.14989758499252,239.72974967084852,novisit,locality,T3,medium,False,False,True
AD001574,74.38232702444023,80.69830914270871,visit,street,True,0.921733402033255,24.15357621264528,45.5337589483653,56.47760283362994,visit,street,T3,high,False,False,False
AD001832,12.99121758408348,55.55073426489368,visit,street,True,0.23386221183206793,17.16947207048169,32.111615020708264,41.24521892612528,visit,street,T3,high,True,True,True
AD000071,145.53447101742952,120.213995874681,novisit,street,False,1.210628346213067,85.36279331178933,143.84923411424666,212.99288626393155,novisit,street,T3,medium,False,False,True
AD001519,94.90959302377289,314.9399487551686,novisit,locality,False,0.3013577458144401,234.33904002730378,457.3127161459897,680.3073697589716,novisit,locality,T3,low,True,True,True
AD002422,192.44584276272684,317.84587154505886,novisit,locality,False,0.6054690653279261,236.50126542826658,461.5322997498098,686.5845051231161,novisit,locality,T3,low,True,True,True
