dimension,segment,n,nominal,coverage,ci95_low,ci95_high,median_radius_90,median_error
overall,all surveyed,100,0.5,0.59,0.4920125056109662,0.6813284290433533,145.5784921315977,45.67582035956785
overall,all surveyed,100,0.8,0.83,0.7445181876635703,0.8910652394022684,145.5784921315977,45.67582035956785
overall,all surveyed,100,0.9,0.91,0.8377362530335634,0.9519280048361151,145.5784921315977,45.67582035956785
group,noloc,6,0.5,0.6666666666666666,0.29998832134152864,0.9032306674407831,1806.9101176894783,1082.12337235067
group,noloc,6,0.8,0.6666666666666666,0.29998832134152864,0.9032306674407831,1806.9101176894783,1082.12337235067
group,noloc,6,0.9,0.6666666666666666,0.29998832134152864,0.9032306674407831,1806.9101176894783,1082.12337235067
group,novisit,51,0.5,0.6470588235294118,0.5098580497281073,0.7636569461874021,347.4592249073991,110.99857344729644
group,novisit,51,0.8,0.8627450980392157,0.7427804765736837,0.9318898466845728,347.4592249073991,110.99857344729644
group,novisit,51,0.9,0.9411764705882353,0.8407512606105803,0.9797937271359478,347.4592249073991,110.99857344729644
group,visit,43,0.5,0.5116279069767442,0.36752063766074083,0.6538279072224399,24.580221105362163,10.507973876106576
group,visit,43,0.8,0.813953488372093,0.6738270676469403,0.9025836441989402,24.580221105362163,10.507973876106576
group,visit,43,0.9,0.9069767441860465,0.7839701160146731,0.9632289548966534,24.580221105362163,10.507973876106576
town,T1,33,0.5,0.5757575757575758,0.4080697369146003,0.7276464100497011,135.8812367254801,34.1375881529877
town,T1,33,0.8,0.7878787878787878,0.6224802241287064,0.8932411343356381,135.8812367254801,34.1375881529877
town,T1,33,0.9,0.8484848484848485,0.6907978686153953,0.9334964074203904,135.8812367254801,34.1375881529877
town,T2,29,0.5,0.6206896551724138,0.4400222620928496,0.7731220426913266,247.99414627077488,69.36679212285078
town,T2,29,0.8,0.896551724137931,0.7361455275293085,0.9641857596186989,247.99414627077488,69.36679212285078
town,T2,29,0.9,0.9655172413793104,0.8282410893529976,0.9938869433859677,247.99414627077488,69.36679212285078
town,T3,38,0.5,0.5789473684210527,0.42192070613127325,0.7214772518818047,139.64740075475777,51.74555013296521
town,T3,38,0.8,0.8157894736842105,0.6658083165848865,0.907783515467425,139.64740075475777,51.74555013296521
town,T3,38,0.9,0.9210526315789473,0.792003210797347,0.972785898605735,139.64740075475777,51.74555013296521
old_geocoder_tier,locality,73,0.5,0.589041095890411,0.47449015192198346,0.6946890426809401,165.71966056557542,47.32687378230935
old_geocoder_tier,locality,73,0.8,0.863013698630137,0.7658736406081267,0.9238569220037919,165.71966056557542,47.32687378230935
old_geocoder_tier,locality,73,0.9,0.9315068493150684,0.8494770066805462,0.970391397933621,165.71966056557542,47.32687378230935
old_geocoder_tier,pincode,10,0.5,0.8,0.49015684672072335,0.9433190520193067,1708.0215618770158,884.8163271967449
old_geocoder_tier,pincode,10,0.8,0.8,0.49015684672072335,0.9433190520193067,1708.0215618770158,884.8163271967449
old_geocoder_tier,pincode,10,0.9,0.8,0.49015684672072335,0.9433190520193067,1708.0215618770158,884.8163271967449
old_geocoder_tier,rooftop,1,0.5,0.0,0.0,0.7934567085261071,31.48528494679298,25.586982296156467
old_geocoder_tier,rooftop,1,0.8,0.0,0.0,0.7934567085261071,31.48528494679298,25.586982296156467
old_geocoder_tier,rooftop,1,0.9,1.0,0.20654329147389294,1.0,31.48528494679298,25.586982296156467
old_geocoder_tier,street,16,0.5,0.5,0.2799923761135083,0.7200076238864916,84.46788806373868,41.52747088256959
old_geocoder_tier,street,16,0.8,0.75,0.5050123107060135,0.8981809801576265,84.46788806373868,41.52747088256959
old_geocoder_tier,street,16,0.9,0.875,0.6397666856325173,0.9650232506629428,84.46788806373868,41.52747088256959
confidence_tier,high,39,0.5,0.48717948717948717,0.3386492878313309,0.6380089135430342,23.48979001320113,9.567895797133614
confidence_tier,high,39,0.8,0.7948717948717948,0.6446572703687138,0.8922040980208888,23.48979001320113,9.567895797133614
confidence_tier,high,39,0.9,0.8974358974358975,0.7642084129775517,0.9593873444171301,23.48979001320113,9.567895797133614
confidence_tier,low,35,0.5,0.6571428571428571,0.4915164687273671,0.7916850471731106,600.0236377069091,192.44584276272684
confidence_tier,low,35,0.8,0.8857142857142857,0.7404820521187976,0.9546489414551025,600.0236377069091,192.44584276272684
confidence_tier,low,35,0.9,0.8857142857142857,0.7404820521187976,0.9546489414551025,600.0236377069091,192.44584276272684
confidence_tier,medium,26,0.5,0.6538461538461539,0.46220229009632996,0.8058798502714787,157.081702352358,45.67582035956785
confidence_tier,medium,26,0.8,0.8076923076923077,0.6212336384535001,0.9149306422821174,157.081702352358,45.67582035956785
confidence_tier,medium,26,0.9,0.9615384615384616,0.811068230080416,0.9931781910230102,157.081702352358,45.67582035956785
