scenario,address_id,method,abstained,pin_shift_m,error_before_m,error_after_m,injected_weight_total,fake_visit_count
home_checkin,AD000251,"mean, high-trust injection",False,2298.8197974724217,118.69052194678397,2244.1393192222063,0.0054040786389228075,1
home_checkin,AD000251,"median, high-trust injection",False,2629.9671029311376,118.69052194678397,2575.0565319037173,0.0054040786389228075,1
home_checkin,AD000251,"median, recomputed safeguards",False,0.0,118.69052194678397,118.69052194678397,0.0054040786389228075,1
home_checkin,AD000251,"independent-agent cluster, may abstain",True,,118.69052194678397,,0.0054040786389228075,1
home_checkin,AD000322,"mean, high-trust injection",False,3026.7653073600363,387.13461483055215,2864.1995612522633,0.0054040786389228075,1
home_checkin,AD000322,"median, high-trust injection",False,3474.3780900328047,387.13461483055215,3310.1529047009294,0.0054040786389228075,1
home_checkin,AD000322,"median, recomputed safeguards",False,0.0,387.13461483055215,387.13461483055215,0.0054040786389228075,1
home_checkin,AD000322,"independent-agent cluster, may abstain",True,,387.13461483055215,,0.0054040786389228075,1
home_checkin,AD002707,"mean, high-trust injection",False,2281.1702447254734,1.8248287590896752,2282.74723087464,0.0054040786389228075,1
home_checkin,AD002707,"median, high-trust injection",False,3163.2721369651395,1.8248287590896752,3164.8476002013113,0.0054040786389228075,1
home_checkin,AD002707,"median, recomputed safeguards",False,0.0,1.8248287590896752,1.8248287590896752,0.0054040786389228075,1
home_checkin,AD002707,"independent-agent cluster, may abstain",False,0.0,1.8248287590896752,1.8248287590896752,0.0054040786389228075,1
home_checkin,AD002284,"mean, high-trust injection",False,2231.50020660136,4.601086828130959,2235.098005992177,0.0054040786389228075,1
home_checkin,AD002284,"median, high-trust injection",False,2354.5795219104407,4.601086828130959,2358.1772251041693,0.0054040786389228075,1
home_checkin,AD002284,"median, recomputed safeguards",False,0.0,4.601086828130959,4.601086828130959,0.0054040786389228075,1
home_checkin,AD002284,"independent-agent cluster, may abstain",True,,4.601086828130959,,0.0054040786389228075,1
home_checkin,AD000962,"mean, high-trust injection",False,1134.5461794279327,20.03596765818919,1150.8707068351396,0.0054040786389228075,1
home_checkin,AD000962,"median, high-trust injection",False,1235.130165205271,20.03596765818919,1251.4492099162474,0.0054040786389228075,1
home_checkin,AD000962,"median, recomputed safeguards",False,0.0,20.03596765818919,20.03596765818919,0.0054040786389228075,1
home_checkin,AD000962,"independent-agent cluster, may abstain",True,,20.03596765818919,,0.0054040786389228075,1
home_checkin,AD002555,"mean, high-trust injection",False,2261.292758857449,8.158431221748437,2259.0585209148207,0.0054040786389228075,1
home_checkin,AD002555,"median, high-trust injection",False,2693.537214333598,8.158431221748437,2691.301009734883,0.0054040786389228075,1
home_checkin,AD002555,"median, recomputed safeguards",False,0.0,8.158431221748437,8.158431221748437,0.0054040786389228075,1
home_checkin,AD002555,"independent-agent cluster, may abstain",False,0.0,8.158431221748437,8.158431221748437,0.0054040786389228075,1
home_checkin,AD000236,"mean, high-trust injection",False,2619.565379951624,16.92483382488599,2602.7289422259087,0.0054040786389228075,1
home_checkin,AD000236,"median, high-trust injection",False,2908.2810838191003,16.92483382488599,2891.4445892148788,0.0054040786389228075,1
home_checkin,AD000236,"median, recomputed safeguards",False,0.0,16.92483382488599,16.92483382488599,0.0054040786389228075,1
home_checkin,AD000236,"independent-agent cluster, may abstain",True,,16.92483382488599,,0.0054040786389228075,1
home_checkin,AD002262,"mean, high-trust injection",False,2331.1049623858657,8.720665112249383,2327.5083525566533,0.0054040786389228075,1
home_checkin,AD002262,"median, high-trust injection",False,3155.5129416625755,8.720665112249383,3151.934124470243,0.0054040786389228075,1
home_checkin,AD002262,"median, recomputed safeguards",False,0.0,8.720665112249383,8.720665112249383,0.0054040786389228075,1
home_checkin,AD002262,"independent-agent cluster, may abstain",False,2.5495097567963922,8.720665112249383,8.41724420460778,0.0054040786389228075,1
home_checkin,AD000627,"mean, high-trust injection",False,4631.357748831374,9.871676655968967,4622.635023236022,0.1938371614194616,1
home_checkin,AD000627,"median, high-trust injection",False,4663.519830557173,9.871676655968967,4654.797089025471,0.1938371614194616,1
home_checkin,AD000627,"median, recomputed safeguards",False,4663.519830557173,9.871676655968967,4654.797089025471,0.1938371614194616,1
home_checkin,AD000627,"independent-agent cluster, may abstain",True,,9.871676655968967,,0.1938371614194616,1
home_checkin,AD001963,"mean, high-trust injection",False,2394.620427340367,3.2249030993194623,2396.9239667324987,0.0054040786389228075,1
home_checkin,AD001963,"median, high-trust injection",False,3573.3658677778853,3.2249030993194623,3575.667297862037,0.0054040786389228075,1
home_checkin,AD001963,"median, recomputed safeguards",False,0.0,3.2249030993194623,3.2249030993194623,0.0054040786389228075,1
home_checkin,AD001963,"independent-agent cluster, may abstain",False,0.0,3.2249030993194623,3.2249030993194623,0.0054040786389228075,1
home_checkin,AD001802,"mean, high-trust injection",False,2747.2222629131406,4.56946386351816,2751.4466015503954,0.0054040786389228075,1
home_checkin,AD001802,"median, high-trust injection",False,3140.0250094545427,4.56946386351816,3144.2493062732797,0.0054040786389228075,1
home_checkin,AD001802,"median, recomputed safeguards",False,0.0,4.56946386351816,4.56946386351816,0.0054040786389228075,1
home_checkin,AD001802,"independent-agent cluster, may abstain",False,0.0,4.56946386351816,4.56946386351816,0.0054040786389228075,1
home_checkin,AD001734,"mean, high-trust injection",False,3099.7311098181194,6.074537019394774,3094.631754699053,0.0054040786389228075,1
home_checkin,AD001734,"median, high-trust injection",False,4066.743907599789,6.074537019394774,4061.645081737202,0.0054040786389228075,1
home_checkin,AD001734,"median, recomputed safeguards",False,0.0,6.074537019394774,6.074537019394774,0.0054040786389228075,1
home_checkin,AD001734,"independent-agent cluster, may abstain",False,0.0,6.074537019394774,6.074537019394774,0.0054040786389228075,1
home_checkin,AD001799,"mean, high-trust injection",False,2496.869219506253,4.022437072224006,2500.608967670043,0.0054040786389228075,1
home_checkin,AD001799,"median, high-trust injection",False,3342.836260198815,4.022437072224006,3346.575872813883,0.0054040786389228075,1
home_checkin,AD001799,"median, recomputed safeguards",False,0.0,4.022437072224006,4.022437072224006,0.0054040786389228075,1
home_checkin,AD001799,"independent-agent cluster, may abstain",False,0.0,4.022437072224006,4.022437072224006,0.0054040786389228075,1
home_checkin,AD002230,"mean, high-trust injection",False,2016.9035012977633,6.04152298679749,2018.5937954835624,0.0054040786389228075,1
home_checkin,AD002230,"median, high-trust injection",False,3307.4352389729415,6.04152298679749,3309.120517599805,0.0054040786389228075,1
home_checkin,AD002230,"median, recomputed safeguards",False,0.0,6.04152298679749,6.04152298679749,0.0054040786389228075,1
home_checkin,AD002230,"independent-agent cluster, may abstain",False,0.0,6.04152298679749,6.04152298679749,0.0054040786389228075,1
home_checkin,AD000830,"mean, high-trust injection",False,1048.4887702704514,1.3453624047073558,1047.4726394637191,0.0054040786389228075,1
home_checkin,AD000830,"median, high-trust injection",False,1155.1482426511327,1.3453624047073558,1154.132077580378,0.0054040786389228075,1
home_checkin,AD000830,"median, recomputed safeguards",False,0.0,1.3453624047073558,1.3453624047073558,0.0054040786389228075,1
home_checkin,AD000830,"independent-agent cluster, may abstain",True,,1.3453624047073558,,0.0054040786389228075,1
home_checkin,AD001586,"mean, high-trust injection",False,2663.138088244177,1.300000000000042,2662.338797414021,0.0054040786389228075,1
home_checkin,AD001586,"median, high-trust injection",False,3474.4306907751093,1.300000000000042,3473.632209229987,0.0054040786389228075,1
home_checkin,AD001586,"median, recomputed safeguards",False,1.8027756377319946,1.300000000000042,0.5830951894845067,0.0054040786389228075,1
home_checkin,AD001586,"independent-agent cluster, may abstain",False,0.0,1.300000000000042,1.300000000000042,0.0054040786389228075,1
home_checkin,AD002440,"mean, high-trust injection",False,2750.8852057116032,2.96141857899224,2752.5452926909534,0.0054040786389228075,1
home_checkin,AD002440,"median, high-trust injection",False,3563.480942140704,2.96141857899224,3565.140808579655,0.0054040786389228075,1
home_checkin,AD002440,"median, recomputed safeguards",False,0.0,2.96141857899224,2.96141857899224,0.0054040786389228075,1
home_checkin,AD002440,"independent-agent cluster, may abstain",True,,2.96141857899224,,0.0054040786389228075,1
home_checkin,AD001971,"mean, high-trust injection",False,2526.599244720845,2.5238858928247674,2528.850718916736,0.0054040786389228075,1
home_checkin,AD001971,"median, high-trust injection",False,2774.9613195502384,2.5238858928247674,2777.212167804253,0.0054040786389228075,1
home_checkin,AD001971,"median, recomputed safeguards",False,0.0,2.5238858928247674,2.5238858928247674,0.0054040786389228075,1
home_checkin,AD001971,"independent-agent cluster, may abstain",True,,2.5238858928247674,,0.0054040786389228075,1
home_checkin,AD001128,"mean, high-trust injection",False,1207.8441970219194,8.76584280032441,1199.64847092262,0.0054040786389228075,1
home_checkin,AD001128,"median, high-trust injection",False,1916.2741609696668,8.76584280032441,1908.081890276201,0.0054040786389228075,1
home_checkin,AD001128,"median, recomputed safeguards",False,0.0,8.76584280032441,8.76584280032441,0.0054040786389228075,1
home_checkin,AD001128,"independent-agent cluster, may abstain",False,0.0,8.76584280032441,8.76584280032441,0.0054040786389228075,1
home_checkin,AD000815,"mean, high-trust injection",False,2618.9446993453716,7.779460135510805,2611.4502009683174,0.0054040786389228075,1
home_checkin,AD000815,"median, high-trust injection",False,3412.887202941228,7.779460135510805,3405.394053556798,0.0054040786389228075,1
home_checkin,AD000815,"median, recomputed safeguards",False,0.0,7.779460135510805,7.779460135510805,0.0054040786389228075,1
home_checkin,AD000815,"independent-agent cluster, may abstain",True,,7.779460135510805,,0.0054040786389228075,1
home_checkin,AD001811,"mean, high-trust injection",False,1661.833305120179,16.00312469488367,1677.8122773986922,0.0054040786389228075,1
home_checkin,AD001811,"median, high-trust injection",False,2261.5631817395683,16.00312469488367,2277.539941471938,0.0054040786389228075,1
home_checkin,AD001811,"median, recomputed safeguards",False,0.0,16.00312469488367,16.00312469488367,0.0054040786389228075,1
home_checkin,AD001811,"independent-agent cluster, may abstain",False,0.0,16.00312469488367,16.00312469488367,0.0054040786389228075,1
home_checkin,AD000574,"mean, high-trust injection",False,4432.77212576052,2.1587033144922017,4434.679374959091,0.1938371614194616,1
home_checkin,AD000574,"median, high-trust injection",False,4507.968795366712,2.1587033144922017,4509.876042642414,0.1938371614194616,1
home_checkin,AD000574,"median, recomputed safeguards",False,4507.968795366712,2.1587033144922017,4509.876042642414,0.1938371614194616,1
home_checkin,AD000574,"independent-agent cluster, may abstain",True,,2.1587033144922017,,0.1938371614194616,1
home_checkin,AD001900,"mean, high-trust injection",False,3106.7056490988434,7.6843997813752365,3102.964990262619,0.1938371614194616,1
home_checkin,AD001900,"median, high-trust injection",False,3369.4344128503226,7.6843997813752365,3365.693034502701,0.1938371614194616,1
home_checkin,AD001900,"median, recomputed safeguards",False,3369.4344128503226,7.6843997813752365,3365.693034502701,0.1938371614194616,1
home_checkin,AD001900,"independent-agent cluster, may abstain",True,,7.6843997813752365,,0.1938371614194616,1
home_checkin,AD000605,"mean, high-trust injection",False,3687.5518068280326,11.28716084761814,3676.617537407367,0.0054040786389228075,1
home_checkin,AD000605,"median, high-trust injection",False,3846.227744167004,11.28716084761814,3835.293430755983,0.0054040786389228075,1
home_checkin,AD000605,"median, recomputed safeguards",False,0.0,11.28716084761814,11.28716084761814,0.0054040786389228075,1
home_checkin,AD000605,"independent-agent cluster, may abstain",True,,11.28716084761814,,0.0054040786389228075,1
home_checkin,AD001695,"mean, high-trust injection",False,2410.7132363099613,11.896217886370401,2401.809214806695,0.0054040786389228075,1
home_checkin,AD001695,"median, high-trust injection",False,2876.800073432285,11.896217886370401,2867.8940640302594,0.0054040786389228075,1
home_checkin,AD001695,"median, recomputed safeguards",False,0.0,11.896217886370401,11.896217886370401,0.0054040786389228075,1
home_checkin,AD001695,"independent-agent cluster, may abstain",True,,11.896217886370401,,0.0054040786389228075,1
home_checkin,AD002143,"mean, high-trust injection",False,2085.809356622476,13.200378782443984,2075.87460484418,0.0054040786389228075,1
home_checkin,AD002143,"median, high-trust injection",False,3768.288717707283,13.200378782443984,3758.3464302802104,0.0054040786389228075,1
home_checkin,AD002143,"median, recomputed safeguards",False,0.0,13.200378782443984,13.200378782443984,0.0054040786389228075,1
home_checkin,AD002143,"independent-agent cluster, may abstain",False,0.0,13.200378782443984,13.200378782443984,0.0054040786389228075,1
home_checkin,AD001574,"mean, high-trust injection",False,2787.974483100398,12.744018204632235,2800.562060244757,0.1938371614194616,1
home_checkin,AD001574,"median, high-trust injection",False,2932.8746325064762,12.744018204632235,2945.462357593456,0.1938371614194616,1
home_checkin,AD001574,"median, recomputed safeguards",False,2932.8746325064762,12.744018204632235,2945.462357593456,0.1938371614194616,1
home_checkin,AD001574,"independent-agent cluster, may abstain",True,,12.744018204632235,,0.1938371614194616,1
home_checkin,AD000561,"mean, high-trust injection",False,4145.379592961054,2.0518284528683037,4143.397600025338,0.1938371614194616,1
home_checkin,AD000561,"median, high-trust injection",False,4212.465502826106,2.0518284528683037,4210.483509349016,0.1938371614194616,1
home_checkin,AD000561,"median, recomputed safeguards",False,4212.465502826106,2.0518284528683037,4210.483509349016,0.1938371614194616,1
home_checkin,AD000561,"independent-agent cluster, may abstain",True,,2.0518284528683037,,0.1938371614194616,1
home_checkin,AD000774,"mean, high-trust injection",False,3013.775754842997,5.393514624064675,3013.1180754976886,0.0054040786389228075,1
home_checkin,AD000774,"median, high-trust injection",False,3924.9208730877617,5.393514624064675,3924.261236207396,0.0054040786389228075,1
home_checkin,AD000774,"median, recomputed safeguards",False,0.0,5.393514624064675,5.393514624064675,0.0054040786389228075,1
home_checkin,AD000774,"independent-agent cluster, may abstain",True,,5.393514624064675,,0.0054040786389228075,1
home_checkin,AD002068,"mean, high-trust injection",False,2418.0666020514273,6.132699242584702,2422.1458905862114,0.0054040786389228075,1
home_checkin,AD002068,"median, high-trust injection",False,3274.071289694224,6.132699242584702,3278.1471016414134,0.0054040786389228075,1
home_checkin,AD002068,"median, recomputed safeguards",False,4.5,6.132699242584702,8.96437393240593,0.0054040786389228075,1
home_checkin,AD002068,"independent-agent cluster, may abstain",False,4.5,6.132699242584702,8.96437393240593,0.0054040786389228075,1
home_checkin,AD001832,"mean, high-trust injection",False,1748.4152142783428,13.219682295728507,1736.438330817182,0.0054040786389228075,1
home_checkin,AD001832,"median, high-trust injection",False,2991.6274935225474,13.219682295728507,2979.664601930895,0.0054040786389228075,1
home_checkin,AD001832,"median, recomputed safeguards",False,98.6154146165801,13.219682295728507,109.03650764766809,0.0054040786389228075,1
home_checkin,AD001832,"independent-agent cluster, may abstain",False,98.6154146165801,13.219682295728507,109.03650764766809,0.0054040786389228075,1
home_checkin,AD001469,"mean, high-trust injection",False,2383.199208029492,9.027181176868007,2392.1034634232433,0.0054040786389228075,1
home_checkin,AD001469,"median, high-trust injection",False,3793.4834466490033,9.027181176868007,3802.3878615943427,0.0054040786389228075,1
home_checkin,AD001469,"median, recomputed safeguards",False,0.0,9.027181176868007,9.027181176868007,0.0054040786389228075,1
home_checkin,AD001469,"independent-agent cluster, may abstain",False,0.0,9.027181176868007,9.027181176868007,0.0054040786389228075,1
home_checkin,AD000267,"mean, high-trust injection",False,2508.4904514308646,8.417244204607647,2514.6386004758433,0.0054040786389228075,1
home_checkin,AD000267,"median, high-trust injection",False,2620.617794528611,8.417244204607647,2626.7656623688376,0.0054040786389228075,1
home_checkin,AD000267,"median, recomputed safeguards",False,0.0,8.417244204607647,8.417244204607647,0.0054040786389228075,1
home_checkin,AD000267,"independent-agent cluster, may abstain",True,,8.417244204607647,,0.0054040786389228075,1
home_checkin,AD001743,"mean, high-trust injection",False,1671.2259557079847,4.220189569201912,1667.080026204549,0.1938371614194616,1
home_checkin,AD001743,"median, high-trust injection",False,1803.109487801559,4.220189569201912,1798.9635919050725,0.1938371614194616,1
home_checkin,AD001743,"median, recomputed safeguards",False,1803.109487801559,4.220189569201912,1798.9635919050725,0.1938371614194616,1
home_checkin,AD001743,"independent-agent cluster, may abstain",True,,4.220189569201912,,0.1938371614194616,1
home_checkin,AD001078,"mean, high-trust injection",False,1934.16451656969,5.295280917949535,1929.36932729679,0.0054040786389228075,1
home_checkin,AD001078,"median, high-trust injection",False,3184.8926292733954,5.295280917949535,3180.110957183727,0.0054040786389228075,1
home_checkin,AD001078,"median, recomputed safeguards",False,17.0,5.295280917949535,16.243152403397556,0.0054040786389228075,1
home_checkin,AD001078,"independent-agent cluster, may abstain",False,0.0,5.295280917949535,5.295280917949535,0.0054040786389228075,1
home_checkin,AD000328,"mean, high-trust injection",False,3342.3958064765393,3.6796738985948116,3345.5593543804057,0.1938371614194616,1
home_checkin,AD000328,"median, high-trust injection",False,3635.855286242839,3.6796738985948116,3639.0188062855623,0.1938371614194616,1
home_checkin,AD000328,"median, recomputed safeguards",False,3635.855286242839,3.6796738985948116,3639.0188062855623,0.1938371614194616,1
home_checkin,AD000328,"independent-agent cluster, may abstain",True,,3.6796738985948116,,0.1938371614194616,1
home_checkin,AD001382,"mean, high-trust injection",False,3966.2136110415872,10.778218776773894,3974.15818730704,0.0054040786389228075,1
home_checkin,AD001382,"median, high-trust injection",False,4184.7415523542195,10.778218776773894,4192.685780022157,0.0054040786389228075,1
home_checkin,AD001382,"median, recomputed safeguards",False,0.0,10.778218776773894,10.778218776773894,0.0054040786389228075,1
home_checkin,AD001382,"independent-agent cluster, may abstain",True,,10.778218776773894,,0.0054040786389228075,1
home_checkin,AD001012,"mean, high-trust injection",False,3656.3933631629216,1.4142135623730951,3657.5204101014974,0.1938371614194616,1
home_checkin,AD001012,"median, high-trust injection",False,3922.8972472523415,1.4142135623730951,3924.024606510515,0.1938371614194616,1
home_checkin,AD001012,"median, recomputed safeguards",False,3922.8972472523415,1.4142135623730951,3924.024606510515,0.1938371614194616,1
home_checkin,AD001012,"independent-agent cluster, may abstain",True,,1.4142135623730951,,0.1938371614194616,1
tea_stall,AD000251,"mean, high-trust injection",False,546.2931465040857,118.69052194678397,608.4423556129252,0.004969488188976378,3
tea_stall,AD000251,"median, high-trust injection",False,571.9501398723494,118.69052194678397,633.8423640780096,0.004969488188976378,3
tea_stall,AD000251,"median, recomputed safeguards",False,0.0,118.69052194678397,118.69052194678397,0.004969488188976378,3
tea_stall,AD000251,"independent-agent cluster, may abstain",True,,118.69052194678397,,0.004969488188976378,3
tea_stall,AD000322,"mean, high-trust injection",False,5468.4354146658225,387.13461483055215,5484.4367395662985,0.004969488188976378,3
tea_stall,AD000322,"median, high-trust injection",False,5796.775233912386,387.13461483055215,5812.3740633668785,0.004969488188976378,3
tea_stall,AD000322,"median, recomputed safeguards",False,0.0,387.13461483055215,387.13461483055215,0.004969488188976378,3
tea_stall,AD000322,"independent-agent cluster, may abstain",True,,387.13461483055215,,0.004969488188976378,3
tea_stall,AD002707,"mean, high-trust injection",False,4709.059177350179,1.8248287590896752,4709.853560703853,0.004969488188976378,3
tea_stall,AD002707,"median, high-trust injection",False,5296.5640383648715,1.8248287590896752,5297.357863359808,0.004969488188976378,3
tea_stall,AD002707,"median, recomputed safeguards",False,0.0,1.8248287590896752,1.8248287590896752,0.004969488188976378,3
tea_stall,AD002707,"independent-agent cluster, may abstain",False,0.0,1.8248287590896752,1.8248287590896752,0.004969488188976378,3
tea_stall,AD002284,"mean, high-trust injection",False,2088.811749937554,4.601086828130959,2085.8800731525703,0.004969488188976378,3
tea_stall,AD002284,"median, high-trust injection",False,2127.3257214164455,4.601086828130959,2124.3939900592827,0.004969488188976378,3
tea_stall,AD002284,"median, recomputed safeguards",False,0.0,4.601086828130959,4.601086828130959,0.004969488188976378,3
tea_stall,AD002284,"independent-agent cluster, may abstain",True,,4.601086828130959,,0.004969488188976378,3
tea_stall,AD000962,"mean, high-trust injection",False,3543.947436299306,20.03596765818919,3542.286639754411,0.004969488188976378,3
tea_stall,AD000962,"median, high-trust injection",False,3653.493742296543,20.03596765818919,3651.831749273233,0.004969488188976378,3
tea_stall,AD000962,"median, recomputed safeguards",False,0.0,20.03596765818919,20.03596765818919,0.004969488188976378,3
tea_stall,AD000962,"independent-agent cluster, may abstain",True,,20.03596765818919,,0.004969488188976378,3
tea_stall,AD002555,"mean, high-trust injection",False,3834.613617355276,8.158431221748437,3839.3723736948346,0.004969488188976378,3
tea_stall,AD002555,"median, high-trust injection",False,4078.6042618768497,8.158431221748437,4083.3627226833523,0.004969488188976378,3
tea_stall,AD002555,"median, recomputed safeguards",False,0.0,8.158431221748437,8.158431221748437,0.004969488188976378,3
tea_stall,AD002555,"independent-agent cluster, may abstain",False,0.0,8.158431221748437,8.158431221748437,0.004969488188976378,3
tea_stall,AD000236,"mean, high-trust injection",False,5061.097868162882,16.92483382488599,5047.894228822986,0.004969488188976378,3
tea_stall,AD000236,"median, high-trust injection",False,5230.286690278077,16.92483382488599,5217.082691744496,0.004969488188976378,3
tea_stall,AD000236,"median, recomputed safeguards",False,0.0,16.92483382488599,16.92483382488599,0.004969488188976378,3
tea_stall,AD000236,"independent-agent cluster, may abstain",True,,16.92483382488599,,0.004969488188976378,3
tea_stall,AD002262,"mean, high-trust injection",False,4140.51058390241,8.720665112249383,4143.366723135259,0.004969488188976378,3
tea_stall,AD002262,"median, high-trust injection",False,4651.411820619628,8.720665112249383,4654.26672258907,0.004969488188976378,3
tea_stall,AD002262,"median, recomputed safeguards",False,0.0,8.720665112249383,8.720665112249383,0.004969488188976378,3
tea_stall,AD002262,"independent-agent cluster, may abstain",False,0.5,8.720665112249383,9.170605214488504,0.004969488188976378,3
tea_stall,AD000627,"mean, high-trust injection",False,4621.109734113757,9.871676655968967,4617.449354743278,0.07026656429328987,3
tea_stall,AD000627,"median, high-trust injection",False,4632.64257308936,9.871676655968967,4628.982171060934,0.07026656429328987,3
tea_stall,AD000627,"median, recomputed safeguards",False,4632.64257308936,9.871676655968967,4628.982171060934,0.07026656429328987,3
tea_stall,AD000627,"independent-agent cluster, may abstain",True,,9.871676655968967,,0.07026656429328987,3
tea_stall,AD001963,"mean, high-trust injection",False,2026.2182539114858,3.2249030993194623,2029.3044135094417,0.004969488188976378,3
tea_stall,AD001963,"median, high-trust injection",False,2353.149724305702,3.2249030993194623,2356.235689611716,0.004969488188976378,3
tea_stall,AD001963,"median, recomputed safeguards",False,0.0,3.2249030993194623,3.2249030993194623,0.004969488188976378,3
tea_stall,AD001963,"independent-agent cluster, may abstain",False,0.0,3.2249030993194623,3.2249030993194623,0.004969488188976378,3
tea_stall,AD001802,"mean, high-trust injection",False,5624.298573573263,4.56946386351816,5628.867980404535,0.004969488188976378,3
tea_stall,AD001802,"median, high-trust injection",False,5883.231855026623,4.56946386351816,5887.801261931317,0.004969488188976378,3
tea_stall,AD001802,"median, recomputed safeguards",False,0.0,4.56946386351816,4.56946386351816,0.004969488188976378,3
tea_stall,AD001802,"independent-agent cluster, may abstain",False,0.0,4.56946386351816,4.56946386351816,0.004969488188976378,3
tea_stall,AD001734,"mean, high-trust injection",False,999.0268775644266,6.074537019394774,996.5838717021984,0.004969488188976378,3
tea_stall,AD001734,"median, high-trust injection",False,1103.2977884506067,6.074537019394774,1100.85456350964,0.004969488188976378,3
tea_stall,AD001734,"median, recomputed safeguards",False,0.0,6.074537019394774,6.074537019394774,0.004969488188976378,3
tea_stall,AD001734,"independent-agent cluster, may abstain",False,0.0,6.074537019394774,6.074537019394774,0.004969488188976378,3
tea_stall,AD001799,"mean, high-trust injection",False,5226.914684041734,4.022437072224006,5230.921269662047,0.004969488188976378,3
tea_stall,AD001799,"median, high-trust injection",False,5812.895514500497,4.022437072224006,5816.902102708967,0.004969488188976378,3
tea_stall,AD001799,"median, recomputed safeguards",False,0.0,4.022437072224006,4.022437072224006,0.004969488188976378,3
tea_stall,AD001799,"independent-agent cluster, may abstain",False,0.0,4.022437072224006,4.022437072224006,0.004969488188976378,3
tea_stall,AD002230,"mean, high-trust injection",False,4999.342550413247,6.04152298679749,5003.019983261944,0.004969488188976378,3
tea_stall,AD002230,"median, high-trust injection",False,6048.337611277995,6.04152298679749,6052.014424966286,0.004969488188976378,3
tea_stall,AD002230,"median, recomputed safeguards",False,0.0,6.04152298679749,6.04152298679749,0.004969488188976378,3
tea_stall,AD002230,"independent-agent cluster, may abstain",False,0.0,6.04152298679749,6.04152298679749,0.004969488188976378,3
tea_stall,AD000830,"mean, high-trust injection",False,4193.55961677579,1.3453624047073558,4192.57612102858,0.004969488188976378,3
tea_stall,AD000830,"median, high-trust injection",False,4355.659245452977,1.3453624047073558,4354.675745965479,0.004969488188976378,3
tea_stall,AD000830,"median, recomputed safeguards",False,0.0,1.3453624047073558,1.3453624047073558,0.004969488188976378,3
tea_stall,AD000830,"independent-agent cluster, may abstain",True,,1.3453624047073558,,0.004969488188976378,3
tea_stall,AD001586,"mean, high-trust injection",False,3723.036691387253,1.300000000000042,3723.2806940108317,0.004969488188976378,3
tea_stall,AD001586,"median, high-trust injection",False,4138.905486357474,1.300000000000042,4139.150966683868,0.004969488188976378,3
tea_stall,AD001586,"median, recomputed safeguards",False,1.8027756377319946,1.300000000000042,0.5830951894845067,0.004969488188976378,3
tea_stall,AD001586,"independent-agent cluster, may abstain",False,0.0,1.300000000000042,1.300000000000042,0.004969488188976378,3
tea_stall,AD002440,"mean, high-trust injection",False,3532.544086510083,2.96141857899224,3531.68889089588,0.004969488188976378,3
tea_stall,AD002440,"median, high-trust injection",False,3863.103211797479,2.96141857899224,3862.247918634949,0.004969488188976378,3
tea_stall,AD002440,"median, recomputed safeguards",False,0.0,2.96141857899224,2.96141857899224,0.004969488188976378,3
tea_stall,AD002440,"independent-agent cluster, may abstain",True,,2.96141857899224,,0.004969488188976378,3
tea_stall,AD001971,"mean, high-trust injection",False,4357.793788608703,2.5238858928247674,4360.203216156434,0.004969488188976378,3
tea_stall,AD001971,"median, high-trust injection",False,4538.554871872764,2.5238858928247674,4540.964371694629,0.004969488188976378,3
tea_stall,AD001971,"median, recomputed safeguards",False,0.0,2.5238858928247674,2.5238858928247674,0.004969488188976378,3
tea_stall,AD001971,"independent-agent cluster, may abstain",True,,2.5238858928247674,,0.004969488188976378,3
tea_stall,AD001128,"mean, high-trust injection",False,3010.5780672785245,8.76584280032441,3009.565470555568,0.004969488188976378,3
tea_stall,AD001128,"median, high-trust injection",False,3597.994811002373,8.76584280032441,3596.9815818266297,0.004969488188976378,3
tea_stall,AD001128,"median, recomputed safeguards",False,0.0,8.76584280032441,8.76584280032441,0.004969488188976378,3
tea_stall,AD001128,"independent-agent cluster, may abstain",False,0.0,8.76584280032441,8.76584280032441,0.004969488188976378,3
tea_stall,AD000815,"mean, high-trust injection",False,5295.329941401677,7.779460135510805,5289.551347286629,0.004969488188976378,3
tea_stall,AD000815,"median, high-trust injection",False,5876.772844002055,7.779460135510805,5870.99043262719,0.004969488188976378,3
tea_stall,AD000815,"median, recomputed safeguards",False,0.0,7.779460135510805,7.779460135510805,0.004969488188976378,3
tea_stall,AD000815,"independent-agent cluster, may abstain",True,,7.779460135510805,,0.004969488188976378,3
tea_stall,AD001811,"mean, high-trust injection",False,1955.8108134786748,16.00312469488367,1954.4974271467127,0.004969488188976378,3
tea_stall,AD001811,"median, high-trust injection",False,2203.528539638187,16.00312469488367,2202.2166526025544,0.004969488188976378,3
tea_stall,AD001811,"median, recomputed safeguards",False,0.0,16.00312469488367,16.00312469488367,0.004969488188976378,3
tea_stall,AD001811,"independent-agent cluster, may abstain",False,0.0,16.00312469488367,16.00312469488367,0.004969488188976378,3
tea_stall,AD000574,"mean, high-trust injection",False,4888.209824160765,2.1587033144922017,4890.325469402458,0.07026656429328987,3
tea_stall,AD000574,"median, high-trust injection",False,4919.252246022763,2.1587033144922017,4921.367891145713,0.07026656429328987,3
tea_stall,AD000574,"median, recomputed safeguards",False,4919.252246022763,2.1587033144922017,4921.367891145713,0.07026656429328987,3
tea_stall,AD000574,"independent-agent cluster, may abstain",True,,2.1587033144922017,,0.07026656429328987,3
tea_stall,AD001900,"mean, high-trust injection",False,4145.548368139608,7.6843997813752365,4148.017145955756,0.07026656429328987,3
tea_stall,AD001900,"median, high-trust injection",False,4260.550230017245,7.6843997813752365,4263.018836751721,0.07026656429328987,3
tea_stall,AD001900,"median, recomputed safeguards",False,5.408326913195984,7.6843997813752365,11.815244390193493,0.07026656429328987,3
tea_stall,AD001900,"independent-agent cluster, may abstain",True,,7.6843997813752365,,0.07026656429328987,3
tea_stall,AD000605,"mean, high-trust injection",False,1212.763098826311,11.28716084761814,1203.6361339495518,0.004969488188976378,3
tea_stall,AD000605,"median, high-trust injection",False,1231.2302221761777,11.28716084761814,1222.1029825673447,0.004969488188976378,3
tea_stall,AD000605,"median, recomputed safeguards",False,0.0,11.28716084761814,11.28716084761814,0.004969488188976378,3
tea_stall,AD000605,"independent-agent cluster, may abstain",True,,11.28716084761814,,0.004969488188976378,3
tea_stall,AD001695,"mean, high-trust injection",False,4773.68037085063,11.896217886370401,4761.851899874549,0.004969488188976378,3
tea_stall,AD001695,"median, high-trust injection",False,5081.887313046207,11.896217886370401,5070.058812528707,0.004969488188976378,3
tea_stall,AD001695,"median, recomputed safeguards",False,0.0,11.896217886370401,11.896217886370401,0.004969488188976378,3
tea_stall,AD001695,"independent-agent cluster, may abstain",True,,11.896217886370401,,0.004969488188976378,3
tea_stall,AD002143,"mean, high-trust injection",False,680.3869463086785,13.200378782443984,679.3486033631046,0.004969488188976378,3
tea_stall,AD002143,"median, high-trust injection",False,863.8633340986293,13.200378782443984,862.7907567886897,0.004969488188976378,3
tea_stall,AD002143,"median, recomputed safeguards",False,0.0,13.200378782443984,13.200378782443984,0.004969488188976378,3
tea_stall,AD002143,"independent-agent cluster, may abstain",False,0.0,13.200378782443984,13.200378782443984,0.004969488188976378,3
tea_stall,AD001574,"mean, high-trust injection",False,6022.192743759663,12.744018204632235,6034.614919448709,0.07026656429328987,3
tea_stall,AD001574,"median, high-trust injection",False,6121.324498015114,12.744018204632235,6133.746693498192,0.07026656429328987,3
tea_stall,AD001574,"median, recomputed safeguards",False,6121.324498015114,12.744018204632235,6133.746693498192,0.07026656429328987,3
tea_stall,AD001574,"independent-agent cluster, may abstain",True,,12.744018204632235,,0.07026656429328987,3
tea_stall,AD000561,"mean, high-trust injection",False,3982.575895351385,2.0518284528683037,3981.5735639597674,0.07026656429328987,3
tea_stall,AD000561,"median, high-trust injection",False,4008.2621686336834,2.0518284528683037,4007.2598346625837,0.07026656429328987,3
tea_stall,AD000561,"median, recomputed safeguards",False,4008.2621686336834,2.0518284528683037,4007.2598346625837,0.07026656429328987,3
tea_stall,AD000561,"independent-agent cluster, may abstain",True,,2.0518284528683037,,0.07026656429328987,3
tea_stall,AD000774,"mean, high-trust injection",False,1115.2508793997808,5.393514624064675,1110.938049090938,0.004969488188976378,3
tea_stall,AD000774,"median, high-trust injection",False,1221.4187897686852,5.393514624064675,1217.105685632928,0.004969488188976378,3
tea_stall,AD000774,"median, recomputed safeguards",False,0.0,5.393514624064675,5.393514624064675,0.004969488188976378,3
tea_stall,AD000774,"independent-agent cluster, may abstain",True,,5.393514624064675,,0.004969488188976378,3
tea_stall,AD002068,"mean, high-trust injection",False,791.4387103366646,6.132699242584702,796.8040481850175,0.004969488188976378,3
tea_stall,AD002068,"median, high-trust injection",False,890.9561212540156,6.132699242584702,896.3193738841082,0.004969488188976378,3
tea_stall,AD002068,"median, recomputed safeguards",False,4.5,6.132699242584702,8.96437393240593,0.004969488188976378,3
tea_stall,AD002068,"independent-agent cluster, may abstain",False,4.5,6.132699242584702,8.96437393240593,0.004969488188976378,3
tea_stall,AD001832,"mean, high-trust injection",False,5015.022240348539,13.219682295728507,5002.779422509425,0.004969488188976378,3
tea_stall,AD001832,"median, high-trust injection",False,6185.458354883654,13.219682295728507,6173.218053819256,0.004969488188976378,3
tea_stall,AD001832,"median, recomputed safeguards",False,98.6154146165801,13.219682295728507,109.03650764766809,0.004969488188976378,3
tea_stall,AD001832,"independent-agent cluster, may abstain",False,98.6154146165801,13.219682295728507,109.03650764766809,0.004969488188976378,3
tea_stall,AD001469,"mean, high-trust injection",False,786.0968936087592,9.027181176868007,791.3226898291578,0.004969488188976378,3
tea_stall,AD001469,"median, high-trust injection",False,944.7627532878294,9.027181176868007,949.9860262130175,0.004969488188976378,3
tea_stall,AD001469,"median, recomputed safeguards",False,0.0,9.027181176868007,9.027181176868007,0.004969488188976378,3
tea_stall,AD001469,"independent-agent cluster, may abstain",False,0.0,9.027181176868007,9.027181176868007,0.004969488188976378,3
tea_stall,AD000267,"mean, high-trust injection",False,4116.822920832959,8.417244204607647,4116.388264935598,0.004969488188976378,3
tea_stall,AD000267,"median, high-trust injection",False,4185.82221612433,8.417244204607647,4185.387418746322,0.004969488188976378,3
tea_stall,AD000267,"median, recomputed safeguards",False,0.0,8.417244204607647,8.417244204607647,0.004969488188976378,3
tea_stall,AD000267,"independent-agent cluster, may abstain",True,,8.417244204607647,,0.004969488188976378,3
tea_stall,AD001743,"mean, high-trust injection",False,2262.7717255633765,4.220189569201912,2264.350595362263,0.07026656429328987,3
tea_stall,AD001743,"median, high-trust injection",False,2319.2399239837177,4.220189569201912,2320.8188220970633,0.07026656429328987,3
tea_stall,AD001743,"median, recomputed safeguards",False,3.0,4.220189569201912,3.4365680554880065,0.07026656429328987,3
tea_stall,AD001743,"independent-agent cluster, may abstain",True,,4.220189569201912,,0.07026656429328987,3
tea_stall,AD001078,"mean, high-trust injection",False,4720.969184148131,5.295280917949535,4717.665175528677,0.004969488188976378,3
tea_stall,AD001078,"median, high-trust injection",False,5742.525669076282,5.295280917949535,5739.226925292291,0.004969488188976378,3
tea_stall,AD001078,"median, recomputed safeguards",False,17.0,5.295280917949535,16.243152403397556,0.004969488188976378,3
tea_stall,AD001078,"independent-agent cluster, may abstain",False,0.0,5.295280917949535,5.295280917949535,0.004969488188976378,3
tea_stall,AD000328,"mean, high-trust injection",False,4074.555768826277,3.6796738985948116,4075.2994320840535,0.07026656429328987,3
tea_stall,AD000328,"median, high-trust injection",False,4191.425015731523,3.6796738985948116,4192.168635980666,0.07026656429328987,3
tea_stall,AD000328,"median, recomputed safeguards",False,2.5495097567963922,3.6796738985948116,5.462600113499061,0.07026656429328987,3
tea_stall,AD000328,"independent-agent cluster, may abstain",True,,3.6796738985948116,,0.07026656429328987,3
tea_stall,AD001382,"mean, high-trust injection",False,4303.041432392651,10.778218776773894,4303.736530424688,0.004969488188976378,3
tea_stall,AD001382,"median, high-trust injection",False,4383.460032896388,10.778218776773894,4384.154884353426,0.004969488188976378,3
tea_stall,AD001382,"median, recomputed safeguards",False,0.0,10.778218776773894,10.778218776773894,0.004969488188976378,3
tea_stall,AD001382,"independent-agent cluster, may abstain",True,,10.778218776773894,,0.004969488188976378,3
tea_stall,AD001012,"mean, high-trust injection",False,4679.808577651793,1.4142135623730951,4680.0846191608225,0.07026656429328987,3
tea_stall,AD001012,"median, high-trust injection",False,4794.3323635830675,1.4142135623730951,4794.608337758153,0.07026656429328987,3
tea_stall,AD001012,"median, recomputed safeguards",False,276.94087816716404,1.4142135623730951,277.54504138968144,0.07026656429328987,3
tea_stall,AD001012,"independent-agent cluster, may abstain",True,,1.4142135623730951,,0.07026656429328987,3
rogue_agent,AD000627,"mean, high-trust injection",False,2794.6099325859013,9.871676655968967,2784.9484252654947,0.06193925275197277,2
rogue_agent,AD000627,"median, high-trust injection",False,2805.7008411446864,9.871676655968967,2796.0393309107794,0.06193925275197277,2
rogue_agent,AD000627,"median, recomputed safeguards",False,2805.7008411446864,9.871676655968967,2796.0393309107794,0.06193925275197277,2
rogue_agent,AD000627,"independent-agent cluster, may abstain",True,,9.871676655968967,,0.06193925275197277,2
rogue_agent,AD001802,"mean, high-trust injection",False,1542.2295617867242,4.56946386351816,1545.1711078577835,0.003312992125984252,2
rogue_agent,AD001802,"median, high-trust injection",False,1675.8571120474442,4.56946386351816,1678.7982904446858,0.003312992125984252,2
rogue_agent,AD001802,"median, recomputed safeguards",False,0.0,4.56946386351816,4.56946386351816,0.003312992125984252,2
rogue_agent,AD001802,"independent-agent cluster, may abstain",False,0.0,4.56946386351816,4.56946386351816,0.003312992125984252,2
rogue_agent,AD001734,"mean, high-trust injection",False,5165.094148957876,6.074537019394774,5162.063753597456,0.003312992125984252,2
rogue_agent,AD001734,"median, high-trust injection",False,6077.667810106111,6.074537019394774,6074.637501118894,0.003312992125984252,2
rogue_agent,AD001734,"median, recomputed safeguards",False,0.0,6.074537019394774,6.074537019394774,0.003312992125984252,2
rogue_agent,AD001734,"independent-agent cluster, may abstain",False,0.0,6.074537019394774,6.074537019394774,0.003312992125984252,2
rogue_agent,AD002230,"mean, high-trust injection",False,1322.8573147465784,6.04152298679749,1328.856212523126,0.003312992125984252,2
rogue_agent,AD002230,"median, high-trust injection",False,1758.2570517418665,6.04152298679749,1764.2558204523518,0.003312992125984252,2
rogue_agent,AD002230,"median, recomputed safeguards",False,0.0,6.04152298679749,6.04152298679749,0.003312992125984252,2
rogue_agent,AD002230,"independent-agent cluster, may abstain",False,0.0,6.04152298679749,6.04152298679749,0.003312992125984252,2
rogue_agent,AD001128,"mean, high-trust injection",False,1064.2105542122247,8.76584280032441,1067.6679180725457,0.003312992125984252,2
rogue_agent,AD001128,"median, high-trust injection",False,1425.498740792148,8.76584280032441,1428.9564374045835,0.003312992125984252,2
rogue_agent,AD001128,"median, recomputed safeguards",False,0.0,8.76584280032441,8.76584280032441,0.003312992125984252,2
rogue_agent,AD001128,"independent-agent cluster, may abstain",False,0.0,8.76584280032441,8.76584280032441,0.003312992125984252,2
rogue_agent,AD000815,"mean, high-trust injection",False,986.229373489425,7.779460135510805,984.9453581047469,0.003312992125984252,2
rogue_agent,AD000815,"median, high-trust injection",False,1196.0514453818448,7.779460135510805,1194.6583863180301,0.003312992125984252,2
rogue_agent,AD000815,"median, recomputed safeguards",False,0.0,7.779460135510805,7.779460135510805,0.003312992125984252,2
rogue_agent,AD000815,"independent-agent cluster, may abstain",True,,7.779460135510805,,0.003312992125984252,2
rogue_agent,AD000574,"mean, high-trust injection",False,2259.8739407478206,2.1587033144922017,2260.727470062255,0.06193925275197277,2
rogue_agent,AD000574,"median, high-trust injection",False,2283.795669494099,2.1587033144922017,2284.6491897006854,0.06193925275197277,2
rogue_agent,AD000574,"median, recomputed safeguards",False,2283.795669494099,2.1587033144922017,2284.6491897006854,0.06193925275197277,2
rogue_agent,AD000574,"independent-agent cluster, may abstain",True,,2.1587033144922017,,0.06193925275197277,2
rogue_agent,AD000605,"mean, high-trust injection",False,4703.725225343526,11.28716084761814,4697.08643340691,0.003312992125984252,2
rogue_agent,AD000605,"median, high-trust injection",False,4831.74997904486,11.28716084761814,4825.110952092189,0.003312992125984252,2
rogue_agent,AD000605,"median, recomputed safeguards",False,0.0,11.28716084761814,11.28716084761814,0.003312992125984252,2
rogue_agent,AD000605,"independent-agent cluster, may abstain",True,,11.28716084761814,,0.003312992125984252,2
rogue_agent,AD002143,"mean, high-trust injection",False,4127.405276493955,13.200378782443984,4122.825290796764,0.003312992125984252,2
rogue_agent,AD002143,"median, high-trust injection",False,5810.020641959889,13.200378782443984,5805.434341201354,0.003312992125984252,2
rogue_agent,AD002143,"median, recomputed safeguards",False,0.0,13.200378782443984,13.200378782443984,0.003312992125984252,2
rogue_agent,AD002143,"independent-agent cluster, may abstain",False,0.0,13.200378782443984,13.200378782443984,0.003312992125984252,2
rogue_agent,AD001574,"mean, high-trust injection",False,3260.0493243315245,12.744018204632235,3264.9904045401886,0.06193925275197277,2
rogue_agent,AD001574,"median, high-trust injection",False,3346.429979844192,12.744018204632235,3351.365169598801,0.06193925275197277,2
rogue_agent,AD001574,"median, recomputed safeguards",False,3346.429979844192,12.744018204632235,3351.365169598801,0.06193925275197277,2
rogue_agent,AD001574,"independent-agent cluster, may abstain",True,,12.744018204632235,,0.06193925275197277,2
rogue_agent,AD000774,"mean, high-trust injection",False,5265.849231171133,5.393514624064675,5262.936508276549,0.003312992125984252,2
rogue_agent,AD000774,"median, high-trust injection",False,6107.973793329503,5.393514624064675,6105.060708133868,0.003312992125984252,2
rogue_agent,AD000774,"median, recomputed safeguards",False,0.0,5.393514624064675,5.393514624064675,0.003312992125984252,2
rogue_agent,AD000774,"independent-agent cluster, may abstain",True,,5.393514624064675,,0.003312992125984252,2
rogue_agent,AD002068,"mean, high-trust injection",False,4602.092506751705,6.132699242584702,4607.865959915592,0.003312992125984252,2
rogue_agent,AD002068,"median, high-trust injection",False,5523.113506890837,6.132699242584702,5528.886725191609,0.003312992125984252,2
rogue_agent,AD002068,"median, recomputed safeguards",False,4.5,6.132699242584702,8.96437393240593,0.003312992125984252,2
rogue_agent,AD002068,"independent-agent cluster, may abstain",False,4.5,6.132699242584702,8.96437393240593,0.003312992125984252,2
rogue_agent,AD001832,"mean, high-trust injection",False,2542.2687190492325,13.219682295728507,2531.0306032478447,0.003312992125984252,2
rogue_agent,AD001832,"median, high-trust injection",False,3455.224313991785,13.219682295728507,3443.94848103162,0.003312992125984252,2
rogue_agent,AD001832,"median, recomputed safeguards",False,98.6154146165801,13.219682295728507,109.03650764766809,0.003312992125984252,2
rogue_agent,AD001832,"independent-agent cluster, may abstain",False,98.6154146165801,13.219682295728507,109.03650764766809,0.003312992125984252,2
rogue_agent,AD001469,"mean, high-trust injection",False,4479.369218741367,9.027181176868007,4486.5516693474865,0.003312992125984252,2
rogue_agent,AD001469,"median, high-trust injection",False,5874.560124809346,9.027181176868007,5881.742382151738,0.003312992125984252,2
rogue_agent,AD001469,"median, recomputed safeguards",False,0.0,9.027181176868007,9.027181176868007,0.003312992125984252,2
rogue_agent,AD001469,"independent-agent cluster, may abstain",False,0.0,9.027181176868007,9.027181176868007,0.003312992125984252,2
rogue_agent,AD001078,"mean, high-trust injection",False,920.4977343310694,5.295280917949535,921.3278238753077,0.003312992125984252,2
rogue_agent,AD001078,"median, high-trust injection",False,1262.6484308785246,5.295280917949535,1263.5053225056079,0.003312992125984252,2
rogue_agent,AD001078,"median, recomputed safeguards",False,0.0,5.295280917949535,5.295280917949535,0.003312992125984252,2
rogue_agent,AD001078,"independent-agent cluster, may abstain",False,0.0,5.295280917949535,5.295280917949535,0.003312992125984252,2
rogue_agent,AD001382,"mean, high-trust injection",False,2276.3373549242706,10.778218776773894,2287.0907854767033,0.003312992125984252,2
rogue_agent,AD001382,"median, high-trust injection",False,2346.998478908753,10.778218776773894,2357.751905947697,0.003312992125984252,2
rogue_agent,AD001382,"median, recomputed safeguards",False,0.0,10.778218776773894,10.778218776773894,0.003312992125984252,2
rogue_agent,AD001382,"independent-agent cluster, may abstain",True,,10.778218776773894,,0.003312992125984252,2
