seed,fraction_of_visits_known,visited_addresses_known,median_error_m,p90_error_m,within_100m,old_geocoder_median_m,old_geocoder_p90_m
0,0.0,0,233.59345194795117,1133.890298064066,0.1897018970189702,324.1380570065788,800.8640687374113
0,0.05,43,241.10207429467835,1133.890298064066,0.19241192411924118,324.1380570065788,800.8640687374113
0,0.1,86,209.3923319043031,1121.172207206631,0.24390243902439024,324.1380570065788,800.8640687374113
0,0.2,172,185.7005874332085,926.693058132864,0.2791327913279133,324.1380570065788,800.8640687374113
0,0.35,302,175.9478748223476,830.536443312153,0.34959349593495936,324.1380570065788,800.8640687374113
0,0.5,431,148.1075061138245,701.2861933714786,0.38482384823848237,324.1380570065788,800.8640687374113
0,0.75,646,138.99172110918724,662.0147750860834,0.3902439024390244,324.1380570065788,800.8640687374113
0,1.0,862,128.66092818406727,658.4281436157745,0.42005420054200543,324.1380570065788,800.8640687374113
1,0.0,0,243.1780613990146,1162.835203932144,0.1842818428184282,322.698016727714,1086.3694236116637
1,0.05,43,227.6529475175984,982.0673625286556,0.2086720867208672,322.698016727714,1086.3694236116637
1,0.1,86,216.05034082180035,981.4578836697851,0.24390243902439024,322.698016727714,1086.3694236116637
1,0.2,172,199.15832814854062,952.7477062778006,0.2764227642276423,322.698016727714,1086.3694236116637
1,0.35,302,188.40407493243995,647.4447325637321,0.3143631436314363,322.698016727714,1086.3694236116637
1,0.5,431,157.745765359579,646.284371265608,0.3821138211382114,322.698016727714,1086.3694236116637
1,0.75,646,149.14345021888252,606.3171057155259,0.3712737127371274,322.698016727714,1086.3694236116637
1,1.0,862,143.1725766771022,555.8732657441097,0.4010840108401084,322.698016727714,1086.3694236116637
2,0.0,0,219.83117708214365,1201.7375294186895,0.18157181571815717,317.70555550698197,714.0616653104869
2,0.05,43,212.55348082102012,1175.5183550519732,0.1842818428184282,317.70555550698197,714.0616653104869
2,0.1,86,205.56006476183245,1131.858777314769,0.23577235772357724,317.70555550698197,714.0616653104869
2,0.2,172,200.15257915457627,1012.7716822231391,0.25474254742547425,317.70555550698197,714.0616653104869
2,0.35,302,175.9478748223476,843.6775420542176,0.3062330623306233,317.70555550698197,714.0616653104869
2,0.5,431,148.32286127281864,626.9546767890291,0.3604336043360434,317.70555550698197,714.0616653104869
2,0.75,646,140.9611914527784,633.2753151563155,0.37669376693766937,317.70555550698197,714.0616653104869
2,1.0,862,125.62151041489625,582.7990407390461,0.42005420054200543,317.70555550698197,714.0616653104869
3,0.0,0,263.44705602667153,1164.858838674794,0.16260162601626016,312.626310473063,731.3300401069905
3,0.05,43,261.6086710147822,1080.9740403511128,0.16260162601626016,312.626310473063,731.3300401069905
3,0.1,86,192.7855387253587,924.8510218042599,0.24932249322493225,312.626310473063,731.3300401069905
3,0.2,172,184.18656790396676,975.6085266768231,0.26558265582655827,312.626310473063,731.3300401069905
3,0.35,302,169.18455219233724,935.6862194679755,0.3089430894308943,312.626310473063,731.3300401069905
3,0.5,431,154.86856903658986,927.0850628870274,0.32791327913279134,312.626310473063,731.3300401069905
3,0.75,646,140.55167242124716,943.3428040114144,0.4037940379403794,312.626310473063,731.3300401069905
3,1.0,862,132.2421872943424,973.0504660666969,0.4173441734417344,312.626310473063,731.3300401069905
4,0.0,0,234.12101955524807,1313.4282801933105,0.19241192411924118,315.21606875284766,868.1542207591494
4,0.05,43,229.19847412414603,1298.9556868711718,0.1978319783197832,315.21606875284766,868.1542207591494
4,0.1,86,211.19583866462955,1263.0943414996855,0.20596205962059622,315.21606875284766,868.1542207591494
4,0.2,172,186.28578097519699,1149.0225008707969,0.2899728997289973,315.21606875284766,868.1542207591494
4,0.35,302,177.08938732956284,978.2489588334079,0.3008130081300813,315.21606875284766,868.1542207591494
4,0.5,431,175.33239997778884,1120.5896762822188,0.3143631436314363,315.21606875284766,868.1542207591494
4,0.75,646,155.28125963236246,976.7146072017571,0.3712737127371274,315.21606875284766,868.1542207591494
4,1.0,862,148.47794579230836,805.295201217546,0.3821138211382114,315.21606875284766,868.1542207591494
