address,new_visit_at,error_before_m,error_after_m,old_geocoder_error_m
AD000605,AD000666,3.1583134405444526,2.434188140319351,304.45710699538614
AD000727,AD000666,44.98674026683465,45.345043290490466,131.8023140919763
AD000943,AD000666,7.86156691994394,7.432494457349836,438.4019274592665
AD001384,AD000666,79.36532113003977,79.39997614075142,406.33867647567087
AD001982,AD000666,123.79071583382537,126.46052620367881,253.9832474790414
AD000169,AD000322,25.198833523596157,29.20537873161075,666.1009232841521
AD000832,AD000322,286.8986165601181,290.60243725289774,933.3434523260985
AD002685,AD002138,231.65097580042243,266.46951456683644,399.4059714125468
AD002866,AD002138,74.4625609455031,91.88174765597991,457.6094076830151
AD002968,AD002138,122.67993907536798,120.78710891306157,404.4338264784488
AD000563,AD001372,25.08462413374933,24.03874966560539,504.4892962194538
AD002904,AD001372,657.3900352049922,658.4353460645061,235.50543518144116
AD001434,AD002891,13.298953983253451,21.09035387328203,344.571110222549
AD003086,AD002891,82.24076248270393,88.71807311431026,190.77358307690295
AD002522,AD001754,57.74554364137996,53.530243626354846,259.7178661547949
AD002829,AD001754,36.79925423381727,35.56953710700539,195.39375629738012
AD002943,AD001754,43.78309137738244,43.71830523748018,295.48003316637164
AD001509,AD001978,38.70122168018329,40.23525630295146,576.8002947294667
AD001760,AD001978,140.46029950351127,141.05076122783814,371.4288626372483
AD001039,AD002982,95.07993468460612,90.70082445253665,30.73499633967756
AD001272,AD002982,146.19887865243334,126.32685227286495,443.3702403184049
AD000978,AD002708,79.4130503354662,68.39261890445836,367.3326693883897
AD002667,AD002708,56.1385350582691,38.64177608515533,463.32931053409516
AD001201,AD000782,11.550309459102195,12.145805187183342,478.59830756073495
AD001355,AD000782,18.0099137536662,20.069560417663673,391.5532403134981
AD001754,AD002943,9.433690473011314,6.15406357279372,84.17559028602072
AD002522,AD002943,63.46170773925916,53.530243626354846,259.7178661547949
AD002829,AD002943,31.84803553744554,35.56953710700539,195.39375629738012
AD000078,AD000197,62.32413307714493,70.04923877749648,62.57068003466145
AD000533,AD000197,40.23097902100763,24.75891980976785,282.2047838007004
AD000981,AD000197,105.85624462743729,113.05013381571256,129.63521898002867
AD002412,AD000197,129.08952952296607,116.11877493049413,340.0956483108833
AD001272,AD001039,87.67867452398076,126.32685227286495,443.3702403184049
AD002982,AD001039,38.67611627895666,65.99215048219213,118.72666086435694
AD000982,AD000142,75.46226114388334,71.40166742589929,69.02897942168924
AD002336,AD000142,24.364684883946797,24.222390678299814,137.353558381281
AD003055,AD000142,124.549182540519,129.27022839018488,275.86967937778167
AD002049,AD001524,24.20270771767614,122.51599470406656,442.5723443686918
AD002889,AD001524,42.89230762930815,14.814003661222618,448.37333774433984
AD000678,AD000233,102.16180840560972,96.14952620071668,458.27729596828163
AD000948,AD000233,75.55010625474799,81.71029684047697,196.95667036178287
AD001216,AD000233,210.43320565580638,215.05881620623467,412.35799980114365
AD001291,AD000233,40.810606837684844,33.744280200687584,83.0086742455269
AD001854,AD000233,50.52822848285229,41.005071813308916,180.9709921506759
AD001995,AD000233,303.59418591013355,308.58734642100563,443.9265254521293
AD000257,AD000009,193.90511179013748,193.82739249629967,188.63387818734992
AD000813,AD000009,19.08122615505848,19.192020744841617,243.5173299787923
AD000781,AD002448,64.94717985324576,177.75607935338087,141.31277366183127
AD001977,AD002448,16.50861995929851,252.3158774633053,172.05536899498372
AD002676,AD002448,57.320332617744015,98.77756634670867,186.45374761586328
AD000272,AD000137,87.16829927882102,26.268928567787828,465.1933146553162
AD002333,AD000137,99.78387156473426,103.74731698467367,628.5082736130051
AD002959,AD000137,8.914184075841527,15.455040742511933,56.71983779948581
AD000810,AD002928,38.294334185507545,21.671258973553126,667.4873257223692
AD002711,AD002928,309.2425325146305,308.1496694072664,793.4917768950098
AD001509,AD001760,38.85897612042888,40.23525630295146,576.8002947294667
AD001978,AD001760,9.854003643748749,9.057511172184428,8.345058418010153
AD000023,AD000019,10.460538788122392,32.16259916815908,382.0867440778339
AD000617,AD000019,22.948385100286384,41.14140825439147,465.5730340129249
AD001891,AD000019,52.70109610902526,51.57377191635025,435.6772773510229
AD002655,AD000019,55.17620448708592,43.72625894998569,139.8360826110344
AD000970,AD002029,42.30432458751008,34.44121242875056,562.9790848690562
AD001045,AD002029,59.96221959315574,59.90175051026917,262.20774206723956
AD002231,AD002029,25.0037713713865,12.858694710576417,410.43641407652905
AD000484,AD000508,407.8961928657072,262.3050145784823,647.2945079328264
AD001220,AD000508,384.1768533223634,225.43856599392046,440.55533137166776
AD000722,AD000082,109.99288152107859,47.535525937858665,363.62031021382745
AD001352,AD000082,60.66786767124505,69.51186239999574,188.78508945358996
AD001078,AD002467,109.71905075864099,69.74358439066502,432.3613881927942
AD002298,AD002467,79.20942204732965,66.28887650026796,134.16467493345627
AD000259,AD000075,108.36324542631161,108.49763589939896,100.89524270251808
AD002419,AD000075,55.61537272070957,55.99276842537007,242.9217363679092
AD002307,AD002246,41.84222798496417,41.85308912425647,301.3121471165741
AD002709,AD002246,5.690270366782867,5.926657494719749,61.09607188682439
AD000233,AD001291,7.785900686736566,7.169830433214898,139.6971366922028
AD000678,AD001291,103.84915525745708,96.14952620071668,458.27729596828163
AD000948,AD001291,76.13836285267591,81.71029684047697,196.95667036178287
AD001216,AD001291,213.20618474377642,215.05881620623467,412.35799980114365
AD001854,AD001291,44.035339870182405,41.005071813308916,180.9709921506759
AD001995,AD001291,303.21800466008506,308.58734642100563,443.9265254521293
AD000078,AD000981,96.282751634852,70.04923877749648,62.57068003466145
AD000197,AD000981,74.87817292675611,113.49607608183739,454.5781890940215
AD000533,AD000981,34.858439582943355,24.75891980976785,282.2047838007004
AD002412,AD000981,73.74093687767552,116.11877493049413,340.0956483108833
AD001080,AD001868,84.55248065674391,95.46715693946177,188.3354719642586
AD002590,AD001868,87.18016870987769,90.72346537828943,246.0143491750024
AD000233,AD000948,14.523922649185312,7.169830433214898,139.6971366922028
AD000678,AD000948,87.19761105758006,96.14952620071668,458.27729596828163
AD001216,AD000948,214.53730650297177,215.05881620623467,412.35799980114365
AD001291,AD000948,30.135548382253,33.744280200687584,83.0086742455269
AD001854,AD000948,39.919541031491676,41.005071813308916,180.9709921506759
AD001995,AD000948,317.9224059148447,308.58734642100563,443.9265254521293
AD001748,AD000060,33.10371081934963,42.06688211934827,403.9184323598021
AD002986,AD000060,46.4976225639071,66.34101650463722,316.7066939614633
AD000019,AD001891,216.52108020037443,218.97474945132987,802.0292388685091
AD000023,AD001891,26.686169478280632,32.16259916815908,382.0867440778339
AD000617,AD001891,48.285883040036815,41.14140825439147,465.5730340129249
AD002655,AD001891,47.48761185006377,43.72625894998569,139.8360826110344
AD000342,AD001176,49.35974244142984,44.25767355108764,393.3548652298582
AD001466,AD001176,81.41062519154919,78.55161071829845,455.1308603028364
AD002520,AD002157,75.71940998718131,69.7464618946722,306.15581000529784
AD002614,AD002157,8.392153849769365,7.911742735109001,381.0184378740745
AD000233,AD000678,3.205157024755999,7.169830433214898,139.6971366922028
AD000948,AD000678,71.07849880031405,81.71029684047697,196.95667036178287
AD001216,AD000678,212.29732227763523,215.05881620623467,412.35799980114365
AD001291,AD000678,41.506338681281925,33.744280200687584,83.0086742455269
AD001854,AD000678,92.39030795730918,41.005071813308916,180.9709921506759
AD001995,AD000678,297.67270495050997,308.58734642100563,443.9265254521293
AD000978,AD002667,77.07786965186153,68.39261890445836,367.3326693883897
AD002708,AD002667,10.467098694518574,36.49729547871323,477.5548240778225
AD002138,AD002968,120.87745499919758,115.88351124697783,182.16325095913294
AD002685,AD002968,237.00471494691843,266.46951456683644,399.4059714125468
AD002866,AD002968,130.61363212473782,91.88174765597991,457.6094076830151
AD000810,AD002711,17.46121645462302,21.671258973553126,667.4873257223692
AD002928,AD002711,20.326904292712758,13.410580087762659,368.8084191012999
AD000030,AD000719,178.7580895166655,180.93941342074692,151.35712735117576
AD000309,AD000719,45.057540984004994,44.14814727573275,268.5047671830055
AD000605,AD001982,10.35961837933571,2.434188140319351,304.45710699538614
AD000666,AD001982,3.9777212199912264,9.065613485252351,118.25840350689666
AD000727,AD001982,35.56449270706469,45.345043290490466,131.8023140919763
AD000943,AD001982,11.778467497221072,7.432494457349836,438.4019274592665
AD001384,AD001982,69.16600718465003,79.39997614075142,406.33867647567087
AD001977,AD000781,486.0550239239,252.3158774633053,172.05536899498372
AD002448,AD000781,7551.349836622705,7566.792407295439,7709.236455058308
AD002676,AD000781,107.60504509755239,98.77756634670867,186.45374761586328
AD001080,AD002590,114.32560860825704,95.46715693946177,188.3354719642586
AD001868,AD002590,112.31364323219017,120.5348085683775,359.48969387174367
AD000324,AD002989,57.007273387719096,49.14244739437218,352.7637169551313
AD000774,AD002989,68.70893034111569,48.70412567831603,171.552907291016
AD001271,AD000630,33.73691978615739,32.263309954117624,125.5479191384707
AD002414,AD000630,32.64671693278483,34.39786685271686,50.37072562510885
AD000228,AD002654,319.8608599671855,315.10687802219337,629.93386954505
AD000556,AD002654,113.69926646751445,27.987165981843816,188.37444094143981
AD000563,AD002904,21.344972414635055,24.03874966560539,504.4892962194538
AD001372,AD002904,25.207543556014492,29.09631703807639,386.9406672863426
AD002253,AD002552,109.09575720564952,300.65965271540455,376.8678946262204
AD002546,AD002552,26.98783984153678,42.6733372068834,490.6938964364647
AD000556,AD000228,32.47786414208224,27.987165981843816,188.37444094143981
AD002654,AD000228,32.9291470415352,26.8339030078522,438.86080936898435
AD002246,AD002709,5.107399213578931,5.834205083880193,12.030378215168332
AD002307,AD002709,41.18496400969386,41.85308912425647,301.3121471165741
AD000658,AD001702,57.35849487174881,40.79872741934726,528.9574084933491
AD002808,AD001702,320.35225358600303,321.4426359700694,404.98223417824136
AD000781,AD001977,190.2155098319973,177.75607935338087,141.31277366183127
AD002448,AD001977,7580.642289836799,7566.792407295439,7709.236455058308
AD002676,AD001977,107.10188511377798,98.77756634670867,186.45374761586328
AD000465,AD002415,27.549167777527764,94.06585186915315,107.34174397688906
AD001391,AD002415,10.421224718105677,41.27338794959297,316.72758010631156
AD002157,AD002520,115.8096863431439,106.89590358702813,457.28915359977645
AD002614,AD002520,27.67806437003321,7.911742735109001,381.0184378740745
AD000666,AD000605,9.587657006898493,9.065613485252351,118.25840350689666
AD000727,AD000605,44.959250712707735,45.345043290490466,131.8023140919763
AD000943,AD000605,13.236138921492227,7.432494457349836,438.4019274592665
AD001384,AD000605,79.15373380497942,79.39997614075142,406.33867647567087
AD001982,AD000605,125.59284059533069,126.46052620367881,253.9832474790414
AD000137,AD002959,31.73796832201029,27.803181462096106,418.0630096050117
AD000272,AD002959,25.978197939472143,26.268928567787828,465.1933146553162
AD002333,AD002959,101.98225547470291,103.74731698467367,628.5082736130051
AD001734,AD001692,132.41819855425237,128.26561021920352,396.1649403973048
AD002423,AD001692,60.676354310816386,62.24750935036673,119.2601358375881
AD000078,AD002412,64.3753795782163,70.04923877749648,62.57068003466145
AD000197,AD002412,128.5794475063738,113.49607608183739,454.5781890940215
AD000533,AD002412,39.52817449734704,24.75891980976785,282.2047838007004
AD000981,AD002412,106.69327234095816,113.05013381571256,129.63521898002867
AD000172,AD000180,251.49666361972496,231.59633417766824,302.1412252573289
AD001335,AD000180,3164.2775484909375,3136.504485493322,3111.9152302079183
AD000227,AD000744,55.58893240471598,114.89850983087116,565.8468432358707
AD001006,AD000744,29.886702179917627,79.37780369516943,497.6055164485217
AD002562,AD000744,99.55465348791277,69.54368856619068,506.3508664947656
AD000782,AD001355,4.646660789647691,3.972772859834178,370.01675637732956
AD001201,AD001355,11.495016323337941,12.145805187183342,478.59830756073495
AD000137,AD002333,27.635799616538208,27.803181462096106,418.0630096050117
AD000272,AD002333,29.893245693105136,26.268928567787828,465.1933146553162
AD002959,AD002333,11.797665493871747,15.455040742511933,56.71983779948581
AD000228,AD000556,319.10377872238774,315.10687802219337,629.93386954505
AD002654,AD000556,110.42785365959185,26.8339030078522,438.86080936898435
AD001540,AD000323,42.65432183167529,68.35671155058651,171.36143089972137
AD002656,AD000323,271.7486908804515,270.52580318427977,320.5982688661934
AD000781,AD002676,189.76197182452088,177.75607935338087,141.31277366183127
AD001977,AD002676,474.65084306251674,252.3158774633053,172.05536899498372
AD002448,AD002676,7581.595931126961,7566.792407295439,7709.236455058308
AD000532,AD000671,100.07848660160273,88.81206923785271,536.8975786870342
AD001248,AD000671,32.76979015185344,24.767312066244216,623.840187868656
AD000521,AD000607,44.936423772758204,29.847494117276515,123.75532311783607
AD000632,AD000607,75.7234253416575,61.44026215646473,577.2594997052886
AD000303,AD002096,35.789936016989444,18.37752308111422,370.3677226757212
AD001920,AD002096,39.11876748174379,23.71462289604597,327.62400705687
AD000019,AD002655,219.3352382969343,218.97474945132987,802.0292388685091
AD000023,AD002655,24.71092698708709,32.16259916815908,382.0867440778339
AD000617,AD002655,40.20330038760542,41.14140825439147,465.5730340129249
AD001891,AD002655,57.94494534507292,51.57377191635025,435.6772773510229
AD001499,AD002799,68.44791848189216,62.32405589125675,87.44421078607778
AD001845,AD002799,50.03827881869187,72.34654063442285,568.7756411802459
AD000451,AD002896,172.04819294193456,157.4071838648205,381.25850810178656
AD001618,AD002896,183.60862334746443,164.34349954495488,352.2609544073825
AD000782,AD001201,4.325295566439735,3.972772859834178,370.01675637732956
AD001355,AD001201,20.286082963676712,20.069560417663673,391.5532403134981
AD000169,AD000832,54.01579996861466,29.20537873161075,666.1009232841521
AD000322,AD000832,394.9891184245716,412.58339243627245,431.1743150977341
AD000239,AD000155,105.266929610194,123.71925866944717,71.43178564196754
AD000526,AD000155,215.00337455117602,134.07671239325032,321.0000155763236
AD000446,AD002712,86.58683492063885,104.00162631538174,284.2016361670002
AD001922,AD002712,174.12500599527112,159.0722466376452,267.9176365975185
AD000060,AD001748,31.646006011724555,43.090371205154455,51.103033178080565
AD002986,AD001748,70.92579298833783,66.34101650463722,316.7066939614633
AD000309,AD000030,41.6574106869722,44.14814727573275,268.5047671830055
AD000719,AD000030,37.60332337243492,47.47741294015228,367.19237464849414
AD001499,AD001845,40.11739404294789,62.32405589125675,87.44421078607778
AD002799,AD001845,58.38530261020673,78.841314358666,32.122266420662164
AD000079,AD002081,130.99667219345991,122.17573428021565,165.0130297885595
AD002901,AD002081,25.830880785698373,35.6357431403762,80.5486188584261
AD000009,AD000257,40.32856142274844,38.784703813016286,130.95193774816767
AD000813,AD000257,19.80955660849918,19.192020744841617,243.5173299787923
AD001922,AD000446,121.16080691107801,159.0722466376452,267.9176365975185
AD002712,AD000446,56.76709631108024,56.817791190620774,577.6300286515583
AD002253,AD002546,330.07137908484054,300.65965271540455,376.8678946262204
AD002552,AD002546,1797.8412048307832,1785.2581761475628,1676.5066835536327
AD000369,AD001596,21.046051350349483,19.0096139113766,117.01290527117094
AD000739,AD001596,62.918239335254924,61.93555502455994,235.68175576399625
AD000079,AD002901,131.2063913384324,122.17573428021565,165.0130297885595
AD002081,AD002901,30.29259113616234,25.920237724257586,442.97656822906555
AD001618,AD000451,123.68164598348349,164.34349954495488,352.2609544073825
AD002896,AD000451,86.34274997850858,66.01102453632589,388.6412355888139
AD000303,AD001920,34.42882003788176,18.37752308111422,370.3677226757212
AD002096,AD001920,78.9346744098287,58.263735931513736,196.1438502732115
AD000465,AD001391,234.28579083147216,94.06585186915315,107.34174397688906
AD002415,AD001391,294.80516192980093,308.4363487239942,159.5318150087937
AD000066,AD000001,52.17500772270504,52.63823402924039,377.1253505135925
AD002606,AD000001,16.817089594678926,10.928525729306365,126.03531251200994
AD000774,AD000324,68.62769992425756,48.70412567831603,171.552907291016
AD002989,AD000324,88.54196999411789,69.89894777525245,140.26952626996362
AD002546,AD002253,35.185608562054355,42.6733372068834,490.6938964364647
AD002552,AD002253,1798.126890026098,1785.2581761475628,1676.5066835536327
AD000009,AD000813,32.276481190096156,38.784703813016286,130.95193774816767
AD000257,AD000813,193.7774612244896,193.82739249629967,188.63387818734992
AD000369,AD000739,22.16979883682462,19.0096139113766,117.01290527117094
AD001596,AD000739,21.576744202878427,19.03284393646464,186.19068182913992
AD000142,AD003055,73.23020705727983,84.24779568523897,148.52454342633072
AD000982,AD003055,63.150106575124234,71.40166742589929,69.02897942168924
AD002336,AD003055,72.26452907701359,24.222390678299814,137.353558381281
AD000155,AD000526,64.38245143797383,36.49523952437841,44.75991510268985
AD000239,AD000526,91.59167108017145,123.71925866944717,71.43178564196754
AD000451,AD001618,69.32019802639294,157.4071838648205,381.25850810178656
AD002896,AD001618,65.67670894688554,66.01102453632589,388.6412355888139
AD002138,AD002866,102.88724218948663,115.88351124697783,182.16325095913294
AD002685,AD002866,278.3400116636242,266.46951456683644,399.4059714125468
AD002968,AD002866,166.57519002484042,120.78710891306157,404.4338264784488
AD000172,AD001335,103.85759886672815,231.59633417766824,302.1412252573289
AD000180,AD001335,93.93900070633657,399.7761839609938,337.2330351552171
AD000323,AD002656,106.93455883176298,109.09988040381589,80.2807573457052
AD001540,AD002656,133.59445464926043,68.35671155058651,171.36143089972137
AD000508,AD000484,214.73096323919063,190.43591958700264,473.8956108680474
AD001220,AD000484,222.01539531723785,225.43856599392046,440.55533137166776
AD000001,AD002606,26.216120015901605,22.173036061921042,107.17509038951168
AD000066,AD002606,51.54009890324675,52.63823402924039,377.1253505135925
AD001920,AD000303,36.14658894965399,23.71462289604597,327.62400705687
AD002096,AD000303,78.83776248199591,58.263735931513736,196.1438502732115
AD000030,AD000309,179.9195247937628,180.93941342074692,151.35712735117576
AD000719,AD000309,47.293809119601406,47.47741294015228,367.19237464849414
AD000605,AD000727,6.302240416469217,2.434188140319351,304.45710699538614
AD000666,AD000727,13.191305786884698,9.065613485252351,118.25840350689666
AD000943,AD000727,10.231923811439692,7.432494457349836,438.4019274592665
AD001384,AD000727,86.34134954484503,79.39997614075142,406.33867647567087
AD001982,AD000727,120.19235611456152,126.46052620367881,253.9832474790414
AD001868,AD001080,124.31272527298012,120.5348085683775,359.48969387174367
AD002590,AD001080,114.16699257051617,90.72346537828943,246.0143491750024
AD000235,AD001091,97.56837427844533,88.72613887778158,206.82132385225665
AD001842,AD001091,91.42910701306715,100.08015079813295,323.4904171687315
AD002298,AD001078,84.22730178108766,66.28887650026796,134.16467493345627
AD002467,AD001078,129.43981748428763,91.76269402365317,383.93219453439934
AD000630,AD001271,147.7453091121438,147.30353817838116,217.57685998285743
AD002414,AD001271,37.6780903235982,34.39786685271686,50.37072562510885
AD000605,AD000943,11.50014206663691,2.434188140319351,304.45710699538614
AD000666,AD000943,9.419286308097796,9.065613485252351,118.25840350689666
AD000727,AD000943,44.861066051942615,45.345043290490466,131.8023140919763
AD001384,AD000943,79.47940643962764,79.39997614075142,406.33867647567087
AD001982,AD000943,125.66620340867452,126.46052620367881,253.9832474790414
AD000235,AD001842,137.82731467839616,88.72613887778158,206.82132385225665
AD001091,AD001842,129.34357675396458,72.21256738276595,63.30387033981409
AD000342,AD001466,28.767139188783435,44.25767355108764,393.3548652298582
AD001176,AD001466,44.48153852940139,36.47753615119704,68.16876117401564
AD000446,AD001922,59.091639453902474,104.00162631538174,284.2016361670002
AD002712,AD001922,110.7206757682121,56.817791190620774,577.6300286515583
AD001692,AD001734,82.19385900428006,84.55061153748538,90.0112215226525
AD002423,AD001734,59.32846257742496,62.24750935036673,119.2601358375881
AD000739,AD000369,62.41100462892704,61.93555502455994,235.68175576399625
AD001596,AD000369,19.176376718435417,19.03284393646464,186.19068182913992
AD001170,AD002862,177.67592460398936,176.74288423327357,162.9856742170917
AD002321,AD002862,151.28577571985198,159.1744576130418,404.6771182066018
AD000060,AD002986,45.530100179284744,43.090371205154455,51.103033178080565
AD001748,AD002986,69.14123958392837,42.06688211934827,403.9184323598021
AD001754,AD002829,9.830684607290797,6.15406357279372,84.17559028602072
AD002522,AD002829,46.860915606862775,53.530243626354846,259.7178661547949
AD002943,AD002829,30.825634664699567,43.71830523748018,295.48003316637164
AD000323,AD001540,179.25768076405103,109.09988040381589,80.2807573457052
AD002656,AD001540,382.0803779039717,270.52580318427977,320.5982688661934
AD002180,AD002154,16.73106890929831,20.3217503528537,247.44108389675293
AD002922,AD002154,9.434462931826221,9.943390483853568,302.7202338794021
AD001039,AD001272,73.33058026044294,90.70082445253665,30.73499633967756
AD002982,AD001272,83.07693653688622,65.99215048219213,118.72666086435694
AD000197,AD000078,81.67578637339211,113.49607608183739,454.5781890940215
AD000533,AD000078,7.055041659524628,24.75891980976785,282.2047838007004
AD000981,AD000078,130.3321260019527,113.05013381571256,129.63521898002867
AD002412,AD000078,87.73320490248727,116.11877493049413,340.0956483108833
AD001091,AD000235,41.62391945302554,72.21256738276595,63.30387033981409
AD001842,AD000235,43.11238317899662,100.08015079813295,323.4904171687315
AD001692,AD002423,61.48711590439033,84.55061153748538,90.0112215226525
AD001734,AD002423,85.02522128399563,128.26561021920352,396.1649403973048
AD000322,AD000169,407.23537265779925,412.58339243627245,431.1743150977341
AD000832,AD000169,310.3440292193847,290.60243725289774,933.3434523260985
AD001078,AD002298,124.0996827930654,69.74358439066502,432.3613881927942
AD002467,AD002298,120.63510477741558,91.76269402365317,383.93219453439934
AD000233,AD001995,6.380289879327072,7.169830433214898,139.6971366922028
AD000678,AD001995,84.73992840893119,96.14952620071668,458.27729596828163
AD000948,AD001995,100.66075445440612,81.71029684047697,196.95667036178287
AD001216,AD001995,222.1595803826141,215.05881620623467,412.35799980114365
AD001291,AD001995,21.917321669158742,33.744280200687584,83.0086742455269
AD001854,AD001995,26.237871004579773,41.005071813308916,180.9709921506759
AD001524,AD002889,196.95640236626386,184.3619499287359,786.8270775716858
AD002049,AD002889,139.31694223617436,122.51599470406656,442.5723443686918
AD002154,AD002180,17.80320809029303,19.40500637893609,321.9165264474628
AD002922,AD002180,13.346902146376932,9.943390483853568,302.7202338794021
AD000658,AD002808,38.57911239202696,40.79872741934726,528.9574084933491
AD001702,AD002808,18.857693921453077,22.627248892647025,6.841052550594788
AD000019,AD000617,220.87856436455485,218.97474945132987,802.0292388685091
AD000023,AD000617,30.49588908401747,32.16259916815908,382.0867440778339
AD001891,AD000617,65.40612725261431,51.57377191635025,435.6772773510229
AD002655,AD000617,55.17953283888147,43.72625894998569,139.8360826110344
AD001524,AD002049,169.86216359336686,184.3619499287359,786.8270775716858
AD002889,AD002049,99.71048347747168,14.814003661222618,448.37333774433984
AD000001,AD000066,22.56229334067708,22.173036061921042,107.17509038951168
AD002606,AD000066,7.830216110762987,10.928525729306365,126.03531251200994
AD000142,AD002336,119.74609606793753,84.24779568523897,148.52454342633072
AD000982,AD002336,90.16776501614919,71.40166742589929,69.02897942168924
AD003055,AD002336,158.3517485331115,129.27022839018488,275.86967937778167
AD001391,AD000465,169.7401046809602,41.27338794959297,316.72758010631156
AD002415,AD000465,298.4586038912412,308.4363487239942,159.5318150087937
AD000233,AD001216,8.037282927018381,7.169830433214898,139.6971366922028
AD000678,AD001216,100.83898074072236,96.14952620071668,458.27729596828163
AD000948,AD001216,85.9279766929343,81.71029684047697,196.95667036178287
AD001291,AD001216,24.389705459816817,33.744280200687584,83.0086742455269
AD001854,AD001216,7.219989631284438,41.005071813308916,180.9709921506759
AD001995,AD001216,312.8830699470538,308.58734642100563,443.9265254521293
AD002138,AD002685,104.30156344434187,115.88351124697783,182.16325095913294
AD002866,AD002685,86.70579442751615,91.88174765597991,457.6094076830151
AD002968,AD002685,113.14376509793632,120.78710891306157,404.4338264784488
AD000324,AD000774,77.24403353824654,49.14244739437218,352.7637169551313
AD002989,AD000774,89.11647111889029,69.89894777525245,140.26952626996362
AD000671,AD000532,106.25331275808486,112.97308324557953,340.426585330817
AD001248,AD000532,151.5245076576088,24.767312066244216,623.840187868656
AD001845,AD001499,64.27871900569068,72.34654063442285,568.7756411802459
AD002799,AD001499,79.25159640624098,78.841314358666,32.122266420662164
AD001045,AD000970,60.168263993440775,59.90175051026917,262.20774206723956
AD002029,AD000970,44.819161765374,37.33418187652191,538.4410459836805
AD002231,AD000970,17.547501174559994,12.858694710576417,410.43641407652905
