address_id,pred_x,pred_y,surveyed_x,surveyed_y,town_id,precision,split,visit_status,contact_status,error_m,fold
AD001909,-2015.7581712640963,1349.101160826645,-648.2,-3188.9,T1,pincode,test,unvisited,no_contact,4739.585413035108,0
AD000831,-1508.8115403258616,519.8687390835032,-1552.5,525.3,T1,street,test,unvisited,no_contact,44.024766936826346,0
AD003113,-1055.8174341586525,224.82994595709894,-958.2,224.0,T1,locality,test,unvisited,no_contact,97.6209622059246,0
AD002260,1612.6497728808213,-1234.1709996976704,1606.6,-1238.6,T1,locality,test,visited,no_contact,7.497719359082254,0
AD002721,-1789.9713369917174,2215.1398899000174,-1569.9,1922.2,T1,locality,test,unvisited,no_contact,366.39483137724017,0
AD002920,2730.0771460805463,-2562.357345329,2743.8,-2547.6,T1,locality,test,visited,contact,20.151822767532302,0
AD002868,-323.9651348132464,-1010.1111501715044,-283.3,-985.9,T1,locality,test,unvisited,no_contact,47.32687378230935,0
AD001009,1622.0100761595268,-2300.3567346770396,1622.7,-2309.5,T2,pincode,test,visited,contact,9.169258185464233,0
AD002159,-516.4012582611841,3341.5197832913573,-651.1,3429.9,T2,locality,test,unvisited,no_contact,161.10497736409914,0
AD000527,1004.2817258260018,2610.2389139058023,940.8,2638.2,T2,locality,test,unvisited,no_contact,69.36679212285078,0
AD002501,691.3747090929827,3024.6794320247245,703.1,3037.1,T2,locality,test,visited,contact,17.080777373486832,0
AD002854,1502.333428818951,-2087.6116859686485,1477.0,-2181.2,T2,locality,test,unvisited,no_contact,96.95646001662642,0
AD001512,-836.7278445567996,-402.1209427635253,-780.5,-363.4,T3,locality,test,unvisited,no_contact,68.27065190841392,0
AD002889,4068.5507473734565,108.14180101504664,4095.3,99.1,T3,locality,test,visited,contact,28.23608828563817,0
AD001146,-47.04838715365025,-437.0238541766982,3555.7,-1868.6,T3,pincode,test,visited,no_contact,3876.7520171438005,0
AD000800,1051.8082967114933,-444.46994744086516,1055.1,-441.8,T1,locality,train,unvisited,no_contact,4.238387650575095,1
AD000561,-633.1599627176481,-3113.88379553031,-632.6,-3113.0,T1,pincode,validation,visited,no_contact,1.046256557710435,1
AD002707,2463.8534076173414,-2339.312987679876,2471.7,-2354.3,T1,pincode,train,visited,contact,16.91684220837746,1
AD002300,3034.3411783749752,498.43362213607656,3197.0,569.2,T2,locality,train,unvisited,no_contact,177.38594219503761,1
AD003078,2857.470578107564,697.7964895933281,2823.2,688.9,T2,locality,train,unvisited,no_contact,35.40649729796577,1
AD000267,2468.120905269411,-1134.0028532009735,2462.2,-1140.1,T2,locality,validation,visited,contact,8.498959836251807,1
AD001971,2811.194876377953,-1267.9293135189669,2815.9,-1271.1,T2,locality,train,visited,contact,5.673750176008184,1
AD002262,2601.915099825101,-1670.76649122488,2619.3,-1662.6,T2,locality,validation,visited,contact,19.207455141617455,1
AD002555,2269.8790870858147,-1201.1595382092294,2275.0,-1196.4,T2,locality,train,visited,contact,6.991205406779509,1
AD000525,-788.7271592600713,-455.79093230076313,-890.3,-385.8,T3,locality,validation,unvisited,no_contact,123.35222973383546,1
AD001164,-781.6720343062096,-453.87646226550294,-878.2,-334.1,T3,locality,train,unvisited,no_contact,153.83123568970322,1
AD000774,-2671.960956582195,1725.8860834345312,-2675.0,1718.7,T3,locality,validation,visited,contact,7.802280437368668,1
AD001469,-2617.8002231259875,1438.3580820639647,-2627.0,1440.7,T3,locality,train,visited,contact,9.493180402306667,1
AD001536,-2441.794718575782,1661.6934299015206,-2291.2,1148.0,T3,locality,train,unvisited,no_contact,535.3127209275972,1
AD001734,-2898.9999808160305,1421.381337061815,-2897.8,1422.1,T3,locality,validation,visited,contact,1.3987245538566415,1
AD002068,-2064.52388703254,1512.1370702488775,-2060.0,1520.6,T3,locality,train,visited,contact,9.596183296270318,1
AD002143,-2610.2011576081204,1349.9222993861936,-2602.4,1353.3,T3,locality,train,visited,contact,8.500995321916227,1
AD001311,-3131.9907188940592,813.3899071832656,-3187.6,827.2,T1,locality,train,unvisited,no_contact,57.298436354985746,2
AD001315,-3123.313840306557,922.7715544619139,-3190.2,809.4,T1,locality,validation,unvisited,no_contact,131.6315604999328,2
AD001791,-2764.4908076698766,1092.4615955367433,-2792.2,1088.6,T1,locality,validation,unvisited,no_contact,27.97697731487721,2
AD001999,-2052.3501406400337,1237.577830358328,-2946.0,897.7,T1,pincode,train,unvisited,no_contact,956.0998957761536,2
AD002740,-2649.9256004879076,1525.3203846585666,-2625.4,1530.8,T1,locality,train,unvisited,no_contact,25.13028578394044,2
AD002660,-2409.94706017624,-2251.227638767076,-2536.2,-2094.5,T1,locality,train,unvisited,no_contact,201.25445974597665,2
AD002994,-2042.9062052970978,-2158.3009676814936,-1920.6,-1876.1,T1,locality,train,unvisited,no_contact,307.56494275932573,2
AD003096,-1784.7969204214066,2462.697339701147,-2036.7,2692.7,T1,locality,train,unvisited,no_contact,341.1105176416122,2
AD001129,-670.7211247218047,3201.6584120727316,-664.9,3273.5,T2,street,train,unvisited,no_contact,72.07703690453876,2
AD000141,1040.8447095989122,-2374.0222451916175,401.6,-3284.6,T2,pincode,train,visited,no_contact,1112.5581541214249,2
AD001586,1515.7119501979673,-1880.976292602277,1572.2,-1864.5,T2,locality,validation,visited,contact,58.84188974151643,2
AD001987,1493.6574177762109,-1503.9756046027367,1286.7,-2535.1,T2,pincode,train,unvisited,no_contact,1051.6885905799152,2
AD002440,1130.7894589811135,-1808.2152380715197,1127.1,-1809.1,T2,pincode,train,visited,contact,3.7940626304013265,2
AD000170,-3812.1245104031614,-826.4002970513815,-2223.9,2.4,T3,locality,train,visited,contact,1791.4706327031486,2
AD001786,-3169.0244483996325,-427.2683507983711,-4039.0,-1078.3,T3,locality,train,unvisited,no_contact,1086.6000499928923,2
AD000605,-2643.9003348938363,-494.1914225282049,-2634.2,-488.4,T3,locality,train,visited,contact,11.297657808270765,2
AD000804,-2392.4400715171155,-40.13055552448634,-2363.9,-49.2,T3,street,train,unvisited,no_contact,29.946460647236538,2
AD000328,318.70897757424655,-2883.2153197915713,312.3,-2885.5,T1,locality,validation,visited,no_contact,6.804025073585532,3
AD001012,841.1579706243009,-3274.902346412586,809.0,-3283.5,T1,street,validation,visited,no_contact,33.287455923854694,3
AD001533,881.3817587797707,-2936.988055828627,735.7,-3000.4,T1,locality,train,unvisited,no_contact,158.88439037476482,3
AD001711,403.96849221861976,-3403.601104529777,348.5,-3265.6,T1,locality,train,unvisited,no_contact,148.73149794325852,3
AD000656,2451.993369726353,1144.1185349675513,2420.1,1146.3,T1,locality,train,visited,no_contact,31.967887358874126,3
AD000830,2497.0831001213032,638.5672821131674,2500.0,624.1,T1,locality,train,visited,contact,14.758406304351205,3
AD002536,2859.3806602835043,808.0507013916425,2929.2,795.7,T1,street,validation,unvisited,no_contact,70.90331461443058,3
AD000224,1384.1564432454504,285.16534473242007,1458.4,288.8,T2,street,train,unvisited,no_contact,74.33247230168108,3
AD002284,682.0005693932453,-22.28209602517023,674.4,-22.1,T2,street,validation,visited,contact,7.602750427570314,3
AD000572,-1144.2330835931489,-1974.9981548599494,-942.4,-1643.5,T3,locality,train,unvisited,no_contact,388.10774316968997,3
AD002295,-1592.6322396976607,-1439.67142380107,-1307.5,-2201.6,T3,pincode,train,unvisited,no_contact,813.5327586173361,3
AD001128,856.5605571266481,-1370.6892897216644,856.0,-1369.2,T3,locality,train,visited,contact,1.5912913521071652,3
AD001249,868.2093167860925,-1261.9576529259157,873.3,-1368.5,T3,locality,train,unvisited,no_contact,106.66389630816512,3
AD002410,1204.9197262849914,-1144.400929847656,1178.8,-1172.7,T3,locality,train,unvisited,no_contact,38.510744899185745,3
AD002739,663.912851230937,-766.2388755111378,573.3,-881.0,T3,locality,train,unvisited,no_contact,146.22176480315113,3
AD003034,1046.9074647923253,-616.264763399955,1253.5,-488.2,T3,locality,train,unvisited,no_contact,243.06595653900354,3
AD000681,185.24738284166253,1825.6663402442127,198.2,1803.6,T3,rooftop,validation,unvisited,no_contact,25.586982296156467,3
AD000683,295.4378261222718,2609.628888147583,273.6,2603.1,T1,locality,train,unvisited,no_contact,22.792916228298367,4
AD000236,2613.9928735839626,-2010.306245379949,2609.7,-1997.1,T1,locality,train,visited,contact,13.886456734650118,4
AD000322,3268.210192071866,-2166.5728354039366,3226.0,-2120.9,T1,street,train,visited,contact,62.19090133274233,4
AD001695,2403.3222709668753,-2072.088565514933,2392.4,-2066.6,T1,locality,train,visited,contact,12.223761879452647,4
AD001799,3190.9556383170343,-2183.5985154276664,3194.3,-2186.3,T1,locality,train,visited,contact,4.299159680803678,4
AD002279,-665.3893064483448,-1600.3451899291515,-699.5,-1601.7,T1,street,train,unvisited,no_contact,34.1375881529877,4
AD001526,768.3414575488282,-2824.979920706053,979.6,-2827.3,T2,locality,train,visited,contact,211.27128183102354,4
AD001963,-325.1852509873293,-732.5375699800815,-314.4,-735.7,T2,locality,validation,visited,contact,11.23933283120358,4
AD002693,-423.2587479808734,-141.2922840259203,-333.3,-106.5,T2,locality,train,unvisited,no_contact,96.4524720576233,4
AD000815,2915.5537664326143,-2287.3201108334615,2947.6,-2309.6,T3,street,train,visited,contact,39.03017482831283,4
AD001078,2964.8008825897955,-2019.546242592172,2949.0,-2033.8,T3,locality,train,visited,contact,21.279978638563424,4
AD001802,3256.635581083415,-1716.7947913169937,3264.2,-1718.8,T3,street,validation,visited,contact,7.825681785505115,4
AD002230,3396.0173814317127,-1818.7653940225537,3401.3,-1815.1,T3,locality,train,visited,contact,6.429710123993815,4
AD000574,-70.85164365337435,-3832.0314025880966,-67.5,-3838.1,T3,street,train,visited,no_contact,6.932632236529196,4
AD000627,-718.5398573632984,-3782.1776491176183,-709.4,-3776.2,T3,locality,train,visited,no_contact,10.921047641815617,4
AD001382,-394.7767803936142,-3394.193134769558,-403.6,-3399.9,T3,locality,validation,visited,contact,10.507973876106577,4
AD003071,-639.3979578828364,-3891.3162367555497,-591.3,-3802.2,T3,street,train,unvisited,no_contact,101.26755258210954,4
AD001900,702.3592467929302,-2704.259063746141,710.8,-2701.6,T1,locality,train,visited,no_contact,8.849685571177034,5
AD000251,-1281.5118255192378,699.916213102993,-1229.0,597.8,T1,locality,train,visited,contact,114.82688186073312,5
AD000962,2694.274754674008,270.0888580591741,2685.7,251.0,T2,locality,validation,visited,contact,20.92632121809083,5
AD001784,2422.020512358687,1956.9264844086515,2292.5,2015.1,T2,locality,train,unvisited,no_contact,141.98493243268334,5
AD000217,1012.6505616455726,2772.575920997913,1234.1,2804.7,T2,locality,train,unvisited,no_contact,223.76731262457358,5
AD001340,964.8952782245502,2669.9376942836957,1260.7,2467.7,T2,locality,train,unvisited,no_contact,358.33018071861727,5
AD001743,1254.268192109733,2809.541659490743,1262.4,2804.5,T2,locality,train,visited,contact,9.567895797133614,5
AD001811,897.6211859687746,3086.0672977523936,883.1,3103.7,T2,locality,train,visited,contact,22.842439241299783,5
AD001478,-260.7968054698546,1055.7559136610655,-270.7,945.2,T2,locality,train,unvisited,no_contact,110.99857344729644,5
AD002826,103.97847833253391,1676.6031791126854,155.5,1497.3,T2,locality,train,unvisited,no_contact,186.55856248065098,5
AD000291,3406.827333348035,483.58249011946276,3354.6,445.8,T3,locality,validation,visited,contact,64.46092543761759,5
AD000875,4023.1354600417335,233.28564379321625,4177.6,284.6,T3,locality,train,unvisited,no_contact,162.76503696259743,5
AD001574,3896.254348985809,47.664459624219525,3970.6,50.0,T3,street,train,visited,no_contact,74.38232702444023,5
AD001832,4028.442591582735,138.8434571273524,4017.4,132.0,T3,street,train,visited,contact,12.991217584083481,5
AD000071,847.3560177953241,-3922.4668307945008,718.3,-3855.2,T3,street,train,unvisited,no_contact,145.53447101742952,5
AD001519,1345.9824156730376,-4049.426640770636,1258.3,-4013.1,T3,locality,train,unvisited,no_contact,94.90959302377287,5
AD002422,696.5935873044148,-3698.323207154926,630.6,-3879.1,T3,locality,train,unvisited,no_contact,192.44584276272684,5
