dimension,segment,n,median_error_m,p90_error_m,ci_note,median_ci95_low_m,median_ci95_high_m,p90_ci95_low_m,p90_ci95_high_m,share_within_50m,share_within_50m_ci95_low,share_within_50m_ci95_high,share_within_100m,share_within_100m_ci95_low,share_within_100m_ci95_high,share_within_250m,share_within_250m_ci95_low,share_within_250m_ci95_high
overall,all,100,45.67582035956785,368.5661225564853,,27.757682517406266,74.33247230168108,202.25614195448142,1051.6885905799152,0.51,0.41,0.61,0.65,0.56,0.74,0.86,0.78,0.93
precision,locality,73,47.32687378230935,294.6651455152611,,22.792916228298367,96.95646001662642,181.7998573770402,383.76516081119996,0.5068493150684932,0.3972602739726027,0.6301369863013698,0.6301369863013698,0.5205479452054794,0.7397260273972602,0.8904109589041096,0.8082191780821918,0.958904109589041
precision,pincode,10,884.8163271967449,3963.0353567329307,,9.169258185464233,2416.425956459977,971.7457216106807,4739.585413035108,0.4,0.1,0.7,0.4,0.1,0.7,0.4,0.1,0.7
precision,rooftop,1,25.586982296156467,25.586982296156467,suppressed: n < 10,,,,,1.0,,,1.0,,,1.0,,
precision,street,16,41.52747088256959,87.82493980327489,,25.949538872756612,72.07703690453876,68.28661417859128,145.53447101742952,0.5625,0.3125,0.8125,0.875,0.6875,1.0,1.0,1.0,1.0
town_id,T1,33,34.1375881529877,334.40140266515493,,22.792916228298367,70.90331461443058,131.6315604999328,956.0998957761536,0.5757575757575758,0.3939393939393939,0.7272727272727273,0.696969696969697,0.5454545454545454,0.8484848484848485,0.8484848484848485,0.7272727272727273,0.9696969696969697
town_id,T2,29,69.36679212285078,250.6798862433822,,19.207455141617455,110.99857344729644,164.36117033028682,1063.862503288217,0.4482758620689655,0.27586206896551724,0.6206896551724138,0.6551724137931034,0.4827586206896552,0.8275862068965517,0.896551724137931,0.7586206896551724,1.0
town_id,T3,38,51.74555013296521,618.77873223452,,19.289099940119975,112.3098911579725,162.76503696259743,1791.4706327031486,0.5,0.34210526315789475,0.6578947368421053,0.6052631578947368,0.4473684210526316,0.7631578947368421,0.8421052631578947,0.7105263157894737,0.9473684210526315
split,test,15,68.27065190841392,2472.609142837175,,28.23608828563817,161.10497736409914,97.35516133020533,4739.585413035108,0.4666666666666667,0.2,0.7333333333333333,0.7333333333333333,0.5333333333333333,0.9333333333333333,0.8,0.6,1.0
split,train,66,73.20475460310992,461.71023204864355,,31.967887358874126,126.49175293998988,223.76731262457358,1051.6885905799152,0.45454545454545453,0.3333333333333333,0.5757575757575758,0.5606060606060606,0.4393939393939394,0.6818181818181818,0.8333333333333334,0.7424242424242424,0.9242424242424242
split,validation,19,19.207455141617455,81.39309763831152,,7.825681785505115,33.287455923854694,34.14995980020503,131.6315604999328,0.7368421052631579,0.5263157894736842,0.8960526315789522,0.8947368421052632,0.7368421052631579,1.0,1.0,1.0,1.0
visit_status,unvisited,51,131.6315604999328,535.3127209275972,,96.4524720576233,161.10497736409914,243.06595653900354,1051.6885905799152,0.21568627450980393,0.09803921568627451,0.3333333333333333,0.4117647058823529,0.29362745098039233,0.5490196078431373,0.7843137254901961,0.6666666666666666,0.9019607843137255
visit_status,visited,49,11.297657808270765,82.47123799169893,,9.169258185464233,19.207455141617455,34.43599970474634,1248.3406498377715,0.8163265306122449,0.7142857142857143,0.9183673469387755,0.8979591836734694,0.8163265306122449,0.9795918367346939,0.9387755102040817,0.8571428571428571,1.0
contact_status,contact,38,11.760709843861706,62.871908564204915,,9.33121929388545,17.080777373486832,22.842439241299783,211.27128183102354,0.8421052631578947,0.7105263157894737,0.9473684210526315,0.9210526315789473,0.8157894736842105,1.0,0.9736842105263158,0.9210526315789473,1.0
contact_status,no_contact,62,103.96572444513734,785.7107548483618,,72.6428208194354,148.73149794325852,301.1150441372934,1097.1513000239079,0.3064516129032258,0.1935483870967742,0.41935483870967744,0.4838709677419355,0.3548387096774194,0.6129032258064516,0.7903225806451613,0.6935483870967742,0.8870967741935484
