scenario,visit_id,address_id,agent_id,ev_x,ev_y
home_checkin,SIM_home_checkin_AD000251_0,AD000251,SIM_HOME_AD000251,1346.05,603.6
home_checkin,SIM_home_checkin_AD000322_0,AD000322,SIM_HOME_AD000322,1346.05,603.6
home_checkin,SIM_home_checkin_AD002707_0,AD002707,SIM_HOME_AD002707,1346.05,603.6
home_checkin,SIM_home_checkin_AD002284_0,AD002284,SIM_HOME_AD002284,2486.85,1486.55
home_checkin,SIM_home_checkin_AD000962_0,AD000962,SIM_HOME_AD000962,2486.85,1486.55
home_checkin,SIM_home_checkin_AD002555_0,AD002555,SIM_HOME_AD002555,2486.85,1486.55
home_checkin,SIM_home_checkin_AD000236_0,AD000236,SIM_HOME_AD000236,1346.05,603.6
home_checkin,SIM_home_checkin_AD002262_0,AD002262,SIM_HOME_AD002262,2486.85,1486.55
home_checkin,SIM_home_checkin_AD000627_0,AD000627,SIM_HOME_AD000627,1064.1,527.5
home_checkin,SIM_home_checkin_AD001963_0,AD001963,SIM_HOME_AD001963,2486.85,1486.55
home_checkin,SIM_home_checkin_AD001802_0,AD001802,SIM_HOME_AD001802,1064.1,527.5
home_checkin,SIM_home_checkin_AD001734_0,AD001734,SIM_HOME_AD001734,1064.1,527.5
home_checkin,SIM_home_checkin_AD001799_0,AD001799,SIM_HOME_AD001799,1346.05,603.6
home_checkin,SIM_home_checkin_AD002230_0,AD002230,SIM_HOME_AD002230,1064.1,527.5
home_checkin,SIM_home_checkin_AD000830_0,AD000830,SIM_HOME_AD000830,1346.05,603.6
home_checkin,SIM_home_checkin_AD001586_0,AD001586,SIM_HOME_AD001586,2486.85,1486.55
home_checkin,SIM_home_checkin_AD002440_0,AD002440,SIM_HOME_AD002440,2486.85,1486.55
home_checkin,SIM_home_checkin_AD001971_0,AD001971,SIM_HOME_AD001971,2486.85,1486.55
home_checkin,SIM_home_checkin_AD001128_0,AD001128,SIM_HOME_AD001128,1064.1,527.5
home_checkin,SIM_home_checkin_AD000815_0,AD000815,SIM_HOME_AD000815,1064.1,527.5
home_checkin,SIM_home_checkin_AD001811_0,AD001811,SIM_HOME_AD001811,2486.85,1486.55
home_checkin,SIM_home_checkin_AD000574_0,AD000574,SIM_HOME_AD000574,1064.1,527.5
home_checkin,SIM_home_checkin_AD001900_0,AD001900,SIM_HOME_AD001900,1346.05,603.6
home_checkin,SIM_home_checkin_AD000605_0,AD000605,SIM_HOME_AD000605,1064.1,527.5
home_checkin,SIM_home_checkin_AD001695_0,AD001695,SIM_HOME_AD001695,1346.05,603.6
home_checkin,SIM_home_checkin_AD002143_0,AD002143,SIM_HOME_AD002143,1064.1,527.5
home_checkin,SIM_home_checkin_AD001574_0,AD001574,SIM_HOME_AD001574,1064.1,527.5
home_checkin,SIM_home_checkin_AD000561_0,AD000561,SIM_HOME_AD000561,1346.05,603.6
home_checkin,SIM_home_checkin_AD000774_0,AD000774,SIM_HOME_AD000774,1064.1,527.5
home_checkin,SIM_home_checkin_AD002068_0,AD002068,SIM_HOME_AD002068,1064.1,527.5
home_checkin,SIM_home_checkin_AD001832_0,AD001832,SIM_HOME_AD001832,1064.1,527.5
home_checkin,SIM_home_checkin_AD001469_0,AD001469,SIM_HOME_AD001469,1064.1,527.5
home_checkin,SIM_home_checkin_AD000267_0,AD000267,SIM_HOME_AD000267,2486.85,1486.55
home_checkin,SIM_home_checkin_AD001743_0,AD001743,SIM_HOME_AD001743,2486.85,1486.55
home_checkin,SIM_home_checkin_AD001078_0,AD001078,SIM_HOME_AD001078,1064.1,527.5
home_checkin,SIM_home_checkin_AD000328_0,AD000328,SIM_HOME_AD000328,1346.05,603.6
home_checkin,SIM_home_checkin_AD001382_0,AD001382,SIM_HOME_AD001382,1064.1,527.5
home_checkin,SIM_home_checkin_AD001012_0,AD001012,SIM_HOME_AD001012,1346.05,603.6
tea_stall,SIM_tea_stall_AD000251_0,AD000251,SIM_tea_stall_T1,-1853.95,703.6
tea_stall,SIM_tea_stall_AD000251_1,AD000251,SIM_tea_stall_T1,-1853.95,703.6
tea_stall,SIM_tea_stall_AD000251_2,AD000251,SIM_tea_stall_T1,-1853.95,703.6
tea_stall,SIM_tea_stall_AD000322_0,AD000322,SIM_tea_stall_T1,-1853.95,703.6
tea_stall,SIM_tea_stall_AD000322_1,AD000322,SIM_tea_stall_T1,-1853.95,703.6
tea_stall,SIM_tea_stall_AD000322_2,AD000322,SIM_tea_stall_T1,-1853.95,703.6
tea_stall,SIM_tea_stall_AD002707_0,AD002707,SIM_tea_stall_T1,-1853.95,703.6
tea_stall,SIM_tea_stall_AD002707_1,AD002707,SIM_tea_stall_T1,-1853.95,703.6
tea_stall,SIM_tea_stall_AD002707_2,AD002707,SIM_tea_stall_T1,-1853.95,703.6
tea_stall,SIM_tea_stall_AD002284_0,AD002284,SIM_tea_stall_T2,-713.1500000000001,1586.55
tea_stall,SIM_tea_stall_AD002284_1,AD002284,SIM_tea_stall_T2,-713.1500000000001,1586.55
tea_stall,SIM_tea_stall_AD002284_2,AD002284,SIM_tea_stall_T2,-713.1500000000001,1586.55
tea_stall,SIM_tea_stall_AD000962_0,AD000962,SIM_tea_stall_T2,-713.1500000000001,1586.55
tea_stall,SIM_tea_stall_AD000962_1,AD000962,SIM_tea_stall_T2,-713.1500000000001,1586.55
tea_stall,SIM_tea_stall_AD000962_2,AD000962,SIM_tea_stall_T2,-713.1500000000001,1586.55
tea_stall,SIM_tea_stall_AD002555_0,AD002555,SIM_tea_stall_T2,-713.1500000000001,1586.55
tea_stall,SIM_tea_stall_AD002555_1,AD002555,SIM_tea_stall_T2,-713.1500000000001,1586.55
tea_stall,SIM_tea_stall_AD002555_2,AD002555,SIM_tea_stall_T2,-713.1500000000001,1586.55
tea_stall,SIM_tea_stall_AD000236_0,AD000236,SIM_tea_stall_T1,-1853.95,703.6
tea_stall,SIM_tea_stall_AD000236_1,AD000236,SIM_tea_stall_T1,-1853.95,703.6
tea_stall,SIM_tea_stall_AD000236_2,AD000236,SIM_tea_stall_T1,-1853.95,703.6
tea_stall,SIM_tea_stall_AD002262_0,AD002262,SIM_tea_stall_T2,-713.1500000000001,1586.55
tea_stall,SIM_tea_stall_AD002262_1,AD002262,SIM_tea_stall_T2,-713.1500000000001,1586.55
tea_stall,SIM_tea_stall_AD002262_2,AD002262,SIM_tea_stall_T2,-713.1500000000001,1586.55
tea_stall,SIM_tea_stall_AD000627_0,AD000627,SIM_tea_stall_T3,-2135.9,627.5
tea_stall,SIM_tea_stall_AD000627_1,AD000627,SIM_tea_stall_T3,-2135.9,627.5
tea_stall,SIM_tea_stall_AD000627_2,AD000627,SIM_tea_stall_T3,-2135.9,627.5
tea_stall,SIM_tea_stall_AD001963_0,AD001963,SIM_tea_stall_T2,-713.1500000000001,1586.55
tea_stall,SIM_tea_stall_AD001963_1,AD001963,SIM_tea_stall_T2,-713.1500000000001,1586.55
tea_stall,SIM_tea_stall_AD001963_2,AD001963,SIM_tea_stall_T2,-713.1500000000001,1586.55
tea_stall,SIM_tea_stall_AD001802_0,AD001802,SIM_tea_stall_T3,-2135.9,627.5
tea_stall,SIM_tea_stall_AD001802_1,AD001802,SIM_tea_stall_T3,-2135.9,627.5
tea_stall,SIM_tea_stall_AD001802_2,AD001802,SIM_tea_stall_T3,-2135.9,627.5
tea_stall,SIM_tea_stall_AD001734_0,AD001734,SIM_tea_stall_T3,-2135.9,627.5
tea_stall,SIM_tea_stall_AD001734_1,AD001734,SIM_tea_stall_T3,-2135.9,627.5
tea_stall,SIM_tea_stall_AD001734_2,AD001734,SIM_tea_stall_T3,-2135.9,627.5
tea_stall,SIM_tea_stall_AD001799_0,AD001799,SIM_tea_stall_T1,-1853.95,703.6
tea_stall,SIM_tea_stall_AD001799_1,AD001799,SIM_tea_stall_T1,-1853.95,703.6
tea_stall,SIM_tea_stall_AD001799_2,AD001799,SIM_tea_stall_T1,-1853.95,703.6
tea_stall,SIM_tea_stall_AD002230_0,AD002230,SIM_tea_stall_T3,-2135.9,627.5
tea_stall,SIM_tea_stall_AD002230_1,AD002230,SIM_tea_stall_T3,-2135.9,627.5
tea_stall,SIM_tea_stall_AD002230_2,AD002230,SIM_tea_stall_T3,-2135.9,627.5
tea_stall,SIM_tea_stall_AD000830_0,AD000830,SIM_tea_stall_T1,-1853.95,703.6
tea_stall,SIM_tea_stall_AD000830_1,AD000830,SIM_tea_stall_T1,-1853.95,703.6
tea_stall,SIM_tea_stall_AD000830_2,AD000830,SIM_tea_stall_T1,-1853.95,703.6
tea_stall,SIM_tea_stall_AD001586_0,AD001586,SIM_tea_stall_T2,-713.1500000000001,1586.55
tea_stall,SIM_tea_stall_AD001586_1,AD001586,SIM_tea_stall_T2,-713.1500000000001,1586.55
tea_stall,SIM_tea_stall_AD001586_2,AD001586,SIM_tea_stall_T2,-713.1500000000001,1586.55
tea_stall,SIM_tea_stall_AD002440_0,AD002440,SIM_tea_stall_T2,-713.1500000000001,1586.55
tea_stall,SIM_tea_stall_AD002440_1,AD002440,SIM_tea_stall_T2,-713.1500000000001,1586.55
tea_stall,SIM_tea_stall_AD002440_2,AD002440,SIM_tea_stall_T2,-713.1500000000001,1586.55
tea_stall,SIM_tea_stall_AD001971_0,AD001971,SIM_tea_stall_T2,-713.1500000000001,1586.55
tea_stall,SIM_tea_stall_AD001971_1,AD001971,SIM_tea_stall_T2,-713.1500000000001,1586.55
tea_stall,SIM_tea_stall_AD001971_2,AD001971,SIM_tea_stall_T2,-713.1500000000001,1586.55
tea_stall,SIM_tea_stall_AD001128_0,AD001128,SIM_tea_stall_T3,-2135.9,627.5
tea_stall,SIM_tea_stall_AD001128_1,AD001128,SIM_tea_stall_T3,-2135.9,627.5
tea_stall,SIM_tea_stall_AD001128_2,AD001128,SIM_tea_stall_T3,-2135.9,627.5
tea_stall,SIM_tea_stall_AD000815_0,AD000815,SIM_tea_stall_T3,-2135.9,627.5
tea_stall,SIM_tea_stall_AD000815_1,AD000815,SIM_tea_stall_T3,-2135.9,627.5
tea_stall,SIM_tea_stall_AD000815_2,AD000815,SIM_tea_stall_T3,-2135.9,627.5
tea_stall,SIM_tea_stall_AD001811_0,AD001811,SIM_tea_stall_T2,-713.1500000000001,1586.55
tea_stall,SIM_tea_stall_AD001811_1,AD001811,SIM_tea_stall_T2,-713.1500000000001,1586.55
tea_stall,SIM_tea_stall_AD001811_2,AD001811,SIM_tea_stall_T2,-713.1500000000001,1586.55
tea_stall,SIM_tea_stall_AD000574_0,AD000574,SIM_tea_stall_T3,-2135.9,627.5
tea_stall,SIM_tea_stall_AD000574_1,AD000574,SIM_tea_stall_T3,-2135.9,627.5
tea_stall,SIM_tea_stall_AD000574_2,AD000574,SIM_tea_stall_T3,-2135.9,627.5
tea_stall,SIM_tea_stall_AD001900_0,AD001900,SIM_tea_stall_T1,-1853.95,703.6
tea_stall,SIM_tea_stall_AD001900_1,AD001900,SIM_tea_stall_T1,-1853.95,703.6
tea_stall,SIM_tea_stall_AD001900_2,AD001900,SIM_tea_stall_T1,-1853.95,703.6
tea_stall,SIM_tea_stall_AD000605_0,AD000605,SIM_tea_stall_T3,-2135.9,627.5
tea_stall,SIM_tea_stall_AD000605_1,AD000605,SIM_tea_stall_T3,-2135.9,627.5
tea_stall,SIM_tea_stall_AD000605_2,AD000605,SIM_tea_stall_T3,-2135.9,627.5
tea_stall,SIM_tea_stall_AD001695_0,AD001695,SIM_tea_stall_T1,-1853.95,703.6
tea_stall,SIM_tea_stall_AD001695_1,AD001695,SIM_tea_stall_T1,-1853.95,703.6
tea_stall,SIM_tea_stall_AD001695_2,AD001695,SIM_tea_stall_T1,-1853.95,703.6
tea_stall,SIM_tea_stall_AD002143_0,AD002143,SIM_tea_stall_T3,-2135.9,627.5
tea_stall,SIM_tea_stall_AD002143_1,AD002143,SIM_tea_stall_T3,-2135.9,627.5
tea_stall,SIM_tea_stall_AD002143_2,AD002143,SIM_tea_stall_T3,-2135.9,627.5
tea_stall,SIM_tea_stall_AD001574_0,AD001574,SIM_tea_stall_T3,-2135.9,627.5
tea_stall,SIM_tea_stall_AD001574_1,AD001574,SIM_tea_stall_T3,-2135.9,627.5
tea_stall,SIM_tea_stall_AD001574_2,AD001574,SIM_tea_stall_T3,-2135.9,627.5
tea_stall,SIM_tea_stall_AD000561_0,AD000561,SIM_tea_stall_T1,-1853.95,703.6
tea_stall,SIM_tea_stall_AD000561_1,AD000561,SIM_tea_stall_T1,-1853.95,703.6
tea_stall,SIM_tea_stall_AD000561_2,AD000561,SIM_tea_stall_T1,-1853.95,703.6
tea_stall,SIM_tea_stall_AD000774_0,AD000774,SIM_tea_stall_T3,-2135.9,627.5
tea_stall,SIM_tea_stall_AD000774_1,AD000774,SIM_tea_stall_T3,-2135.9,627.5
tea_stall,SIM_tea_stall_AD000774_2,AD000774,SIM_tea_stall_T3,-2135.9,627.5
tea_stall,SIM_tea_stall_AD002068_0,AD002068,SIM_tea_stall_T3,-2135.9,627.5
tea_stall,SIM_tea_stall_AD002068_1,AD002068,SIM_tea_stall_T3,-2135.9,627.5
tea_stall,SIM_tea_stall_AD002068_2,AD002068,SIM_tea_stall_T3,-2135.9,627.5
tea_stall,SIM_tea_stall_AD001832_0,AD001832,SIM_tea_stall_T3,-2135.9,627.5
tea_stall,SIM_tea_stall_AD001832_1,AD001832,SIM_tea_stall_T3,-2135.9,627.5
tea_stall,SIM_tea_stall_AD001832_2,AD001832,SIM_tea_stall_T3,-2135.9,627.5
tea_stall,SIM_tea_stall_AD001469_0,AD001469,SIM_tea_stall_T3,-2135.9,627.5
tea_stall,SIM_tea_stall_AD001469_1,AD001469,SIM_tea_stall_T3,-2135.9,627.5
tea_stall,SIM_tea_stall_AD001469_2,AD001469,SIM_tea_stall_T3,-2135.9,627.5
tea_stall,SIM_tea_stall_AD000267_0,AD000267,SIM_tea_stall_T2,-713.1500000000001,1586.55
tea_stall,SIM_tea_stall_AD000267_1,AD000267,SIM_tea_stall_T2,-713.1500000000001,1586.55
tea_stall,SIM_tea_stall_AD000267_2,AD000267,SIM_tea_stall_T2,-713.1500000000001,1586.55
tea_stall,SIM_tea_stall_AD001743_0,AD001743,SIM_tea_stall_T2,-713.1500000000001,1586.55
tea_stall,SIM_tea_stall_AD001743_1,AD001743,SIM_tea_stall_T2,-713.1500000000001,1586.55
tea_stall,SIM_tea_stall_AD001743_2,AD001743,SIM_tea_stall_T2,-713.1500000000001,1586.55
tea_stall,SIM_tea_stall_AD001078_0,AD001078,SIM_tea_stall_T3,-2135.9,627.5
tea_stall,SIM_tea_stall_AD001078_1,AD001078,SIM_tea_stall_T3,-2135.9,627.5
tea_stall,SIM_tea_stall_AD001078_2,AD001078,SIM_tea_stall_T3,-2135.9,627.5
tea_stall,SIM_tea_stall_AD000328_0,AD000328,SIM_tea_stall_T1,-1853.95,703.6
tea_stall,SIM_tea_stall_AD000328_1,AD000328,SIM_tea_stall_T1,-1853.95,703.6
tea_stall,SIM_tea_stall_AD000328_2,AD000328,SIM_tea_stall_T1,-1853.95,703.6
tea_stall,SIM_tea_stall_AD001382_0,AD001382,SIM_tea_stall_T3,-2135.9,627.5
tea_stall,SIM_tea_stall_AD001382_1,AD001382,SIM_tea_stall_T3,-2135.9,627.5
tea_stall,SIM_tea_stall_AD001382_2,AD001382,SIM_tea_stall_T3,-2135.9,627.5
tea_stall,SIM_tea_stall_AD001012_0,AD001012,SIM_tea_stall_T1,-1853.95,703.6
tea_stall,SIM_tea_stall_AD001012_1,AD001012,SIM_tea_stall_T1,-1853.95,703.6
tea_stall,SIM_tea_stall_AD001012_2,AD001012,SIM_tea_stall_T1,-1853.95,703.6
rogue_agent,SIM_rogue_agent_AD000627_0,AD000627,SIM_rogue_agent_T3,1764.1,-2472.5
rogue_agent,SIM_rogue_agent_AD000627_1,AD000627,SIM_rogue_agent_T3,1764.1,-2472.5
rogue_agent,SIM_rogue_agent_AD001802_0,AD001802,SIM_rogue_agent_T3,1764.1,-2472.5
rogue_agent,SIM_rogue_agent_AD001802_1,AD001802,SIM_rogue_agent_T3,1764.1,-2472.5
rogue_agent,SIM_rogue_agent_AD001734_0,AD001734,SIM_rogue_agent_T3,1764.1,-2472.5
rogue_agent,SIM_rogue_agent_AD001734_1,AD001734,SIM_rogue_agent_T3,1764.1,-2472.5
rogue_agent,SIM_rogue_agent_AD002230_0,AD002230,SIM_rogue_agent_T3,1764.1,-2472.5
rogue_agent,SIM_rogue_agent_AD002230_1,AD002230,SIM_rogue_agent_T3,1764.1,-2472.5
rogue_agent,SIM_rogue_agent_AD001128_0,AD001128,SIM_rogue_agent_T3,1764.1,-2472.5
rogue_agent,SIM_rogue_agent_AD001128_1,AD001128,SIM_rogue_agent_T3,1764.1,-2472.5
rogue_agent,SIM_rogue_agent_AD000815_0,AD000815,SIM_rogue_agent_T3,1764.1,-2472.5
rogue_agent,SIM_rogue_agent_AD000815_1,AD000815,SIM_rogue_agent_T3,1764.1,-2472.5
rogue_agent,SIM_rogue_agent_AD000574_0,AD000574,SIM_rogue_agent_T3,1764.1,-2472.5
rogue_agent,SIM_rogue_agent_AD000574_1,AD000574,SIM_rogue_agent_T3,1764.1,-2472.5
rogue_agent,SIM_rogue_agent_AD000605_0,AD000605,SIM_rogue_agent_T3,1764.1,-2472.5
rogue_agent,SIM_rogue_agent_AD000605_1,AD000605,SIM_rogue_agent_T3,1764.1,-2472.5
rogue_agent,SIM_rogue_agent_AD002143_0,AD002143,SIM_rogue_agent_T3,1764.1,-2472.5
rogue_agent,SIM_rogue_agent_AD002143_1,AD002143,SIM_rogue_agent_T3,1764.1,-2472.5
rogue_agent,SIM_rogue_agent_AD001574_0,AD001574,SIM_rogue_agent_T3,1764.1,-2472.5
rogue_agent,SIM_rogue_agent_AD001574_1,AD001574,SIM_rogue_agent_T3,1764.1,-2472.5
rogue_agent,SIM_rogue_agent_AD000774_0,AD000774,SIM_rogue_agent_T3,1764.1,-2472.5
rogue_agent,SIM_rogue_agent_AD000774_1,AD000774,SIM_rogue_agent_T3,1764.1,-2472.5
rogue_agent,SIM_rogue_agent_AD002068_0,AD002068,SIM_rogue_agent_T3,1764.1,-2472.5
rogue_agent,SIM_rogue_agent_AD002068_1,AD002068,SIM_rogue_agent_T3,1764.1,-2472.5
rogue_agent,SIM_rogue_agent_AD001832_0,AD001832,SIM_rogue_agent_T3,1764.1,-2472.5
rogue_agent,SIM_rogue_agent_AD001832_1,AD001832,SIM_rogue_agent_T3,1764.1,-2472.5
rogue_agent,SIM_rogue_agent_AD001469_0,AD001469,SIM_rogue_agent_T3,1764.1,-2472.5
rogue_agent,SIM_rogue_agent_AD001469_1,AD001469,SIM_rogue_agent_T3,1764.1,-2472.5
rogue_agent,SIM_rogue_agent_AD001078_0,AD001078,SIM_rogue_agent_T3,1764.1,-2472.5
rogue_agent,SIM_rogue_agent_AD001078_1,AD001078,SIM_rogue_agent_T3,1764.1,-2472.5
rogue_agent,SIM_rogue_agent_AD001382_0,AD001382,SIM_rogue_agent_T3,1764.1,-2472.5
rogue_agent,SIM_rogue_agent_AD001382_1,AD001382,SIM_rogue_agent_T3,1764.1,-2472.5
