dimension,segment,visits,addresses,median_endpoint_error_m,median_checkin_error_m,median_uncertainty_m,share_within_uncertainty,median_weight
evidence_role,contact_at_address,73,30,10.778218776773894,28.59440504714164,122.72783330165454,0.958904109589041,0.11535814389991386
evidence_role,contact_elsewhere,13,11,10.153324578678616,31.573406531446743,,,0.0
evidence_role,failed_search,52,24,1285.7381350223084,1280.11427884254,,,0.0
evidence_role,historical_structure,15,5,7.0213958726167025,21.529514625276533,122.82387372888064,0.8666666666666667,0.017563599419752687
evidence_role,structure_only,45,26,7.6843997813752365,25.134040662018432,145.90798060425917,0.8666666666666667,0.015877105300256093
outcome,address_not_traceable,49,22,750.763404808732,742.5141749488693,,,0.0
outcome,cash_collected,3,3,10.248902380255211,71.24043795485825,127.33456870109123,1.0,0.14780458556421475
outcome,locked_premises,43,25,7.854934754662396,20.220039564748667,146.84553078126567,0.8571428571428571,0.018237456744414234
outcome,met_borrower,58,26,12.67036304649141,34.25473478087315,123.69047201654634,0.9318181818181818,0.11546802275837398
outcome,met_family,27,20,8.417244204607647,15.616977940690129,121.90465254446026,1.0,0.07302818048513915
outcome,neighbour_says_shifted,15,5,7.0213958726167025,21.529514625276533,122.82387372888064,0.8666666666666667,0.017563599419752687
outcome,no_such_person,3,3,7.256721022610606,72.32399325258527,145.24012194663584,1.0,0.004120207925466442
trail_type,direct,49,28,8.41724420460778,25.35133132598755,116.5688270123583,0.9761904761904762,0.08522030887523382
trail_type,searching,134,40,29.506876290473144,76.8514094875499,125.45524396002584,0.9125,0.013225507001101212
trail_type,stationary_or_sparse,15,12,12.753430910935199,18.96786756596521,250.0,0.7272727272727273,0.0013254545454545457
photo_reused_cross_address,False,190,42,12.748724557783717,54.8947189632978,123.61410373717999,0.937984496124031,0.02120147102462175
photo_reused_cross_address,True,8,7,6246.99755856752,6244.244236769728,3000.0,0.25,1.2333172266002632e-06
