address_id,split,baseline_error_m,contact_visits,all_eligible_visits,contact_only_error_m,extended_error_m
AD000141,train,2201.7186309789904,0,0,,
AD000170,train,1830.8960920816885,0,0,,
AD000236,train,185.48361113586296,1,1,16.92483382488599,16.92483382488599
AD000251,train,323.99168199199187,1,2,118.69052194678397,118.69052194678397
AD000267,validation,329.8669580300518,1,1,8.417244204607647,8.417244204607647
AD000291,validation,322.25010473233385,0,0,,
AD000322,train,170.89160307048428,2,2,387.13461483055215,387.13461483055215
AD000328,validation,204.5921797136929,0,5,,3.6796738985948116
AD000561,validation,2810.8024227967358,0,1,,2.0518284528683037
AD000574,train,116.07243428135735,0,1,,2.1587033144922017
AD000605,train,300.9369535301373,1,1,11.28716084761814,11.28716084761814
AD000627,train,510.94642576301453,0,1,,9.871676655968967
AD000656,train,202.20553899436086,0,0,,
AD000774,validation,169.1464749854396,2,3,5.393514624064675,5.393514624064675
AD000815,train,170.48697897493528,3,4,7.779460135510805,7.779460135510805
AD000830,train,492.2105443811621,1,1,1.3453624047073558,1.3453624047073558
AD000962,validation,1754.2761840713679,2,2,20.03596765818919,20.03596765818919
AD001012,validation,108.75890768116427,0,6,,1.4142135623730951
AD001078,train,432.72897984766405,4,5,5.295280917949535,5.295280917949535
AD001128,train,541.6909174058579,3,3,8.76584280032441,8.76584280032441
AD001382,validation,104.3047937536911,1,1,10.778218776773894,10.778218776773894
AD001469,train,223.36259758518216,3,5,9.027181176868007,9.027181176868007
AD001526,train,335.46411134426876,0,0,,
AD001574,train,141.9631290159524,0,4,,12.744018204632235
AD001586,validation,154.07546852111145,4,6,0.5830951894845067,1.300000000000042
AD001695,train,672.8157251432223,2,2,11.896217886370401,11.896217886370401
AD001734,validation,390.1581730529302,2,3,6.2649820430706304,6.074537019394774
AD001743,train,385.8977196097434,0,2,,4.220189569201912
AD001799,train,384.529231658661,3,3,4.022437072224006,4.022437072224006
AD001802,validation,108.42439762341279,1,3,4.56946386351816,4.56946386351816
AD001811,train,480.60466081801576,4,5,16.00312469488367,16.00312469488367
AD001832,train,40.91210089936744,5,5,13.219682295728507,13.219682295728507
AD001900,train,1838.1571341971828,0,7,,7.6843997813752365
AD001963,validation,456.35129012636753,4,5,3.2249030993194623,3.2249030993194623
AD001971,train,376.98245317255817,1,2,2.5238858928247674,2.5238858928247674
AD002068,train,349.1388548987349,3,5,8.96437393240593,6.132699242584702
AD002143,train,375.8130519287484,6,6,13.200378782443984,13.200378782443984
AD002230,train,460.576681997689,2,7,6.04152298679749,6.04152298679749
AD002262,validation,428.3155845868789,3,6,8.720665112249383,8.720665112249383
AD002284,validation,70.6378085730298,1,1,4.601086828130959,4.601086828130959
AD002440,train,735.0903345848047,3,3,2.96141857899224,2.96141857899224
AD002555,train,243.09572188749004,2,3,8.158431221748437,8.158431221748437
AD002707,train,1094.8304434934205,2,4,1.8248287590896752,1.8248287590896752
